--------------------------------------------------------
-- Archivo creado  - miércoles-junio-22-2022   
--------------------------------------------------------
--------------------------------------------------------
--  DDL for Table AUTH_GROUP
--------------------------------------------------------

  CREATE TABLE "OLYMPUS"."AUTH_GROUP" 
   (	"ID" NUMBER(11,0) GENERATED BY DEFAULT ON NULL AS IDENTITY MINVALUE 1 MAXVALUE 9999999999999999999999999999 INCREMENT BY 1 START WITH 1 CACHE 20 NOORDER  NOCYCLE  NOKEEP  NOSCALE , 
	"NAME" NVARCHAR2(150)
   ) SEGMENT CREATION DEFERRED 
  PCTFREE 10 PCTUSED 40 INITRANS 1 MAXTRANS 255 
 NOCOMPRESS LOGGING
  TABLESPACE "USERS" ;
--------------------------------------------------------
--  DDL for Table AUTH_GROUP_PERMISSIONS
--------------------------------------------------------

  CREATE TABLE "OLYMPUS"."AUTH_GROUP_PERMISSIONS" 
   (	"ID" NUMBER(19,0) GENERATED BY DEFAULT ON NULL AS IDENTITY MINVALUE 1 MAXVALUE 9999999999999999999999999999 INCREMENT BY 1 START WITH 1 CACHE 20 NOORDER  NOCYCLE  NOKEEP  NOSCALE , 
	"GROUP_ID" NUMBER(11,0), 
	"PERMISSION_ID" NUMBER(11,0)
   ) SEGMENT CREATION DEFERRED 
  PCTFREE 10 PCTUSED 40 INITRANS 1 MAXTRANS 255 
 NOCOMPRESS LOGGING
  TABLESPACE "USERS" ;
--------------------------------------------------------
--  DDL for Table AUTH_PERMISSION
--------------------------------------------------------

  CREATE TABLE "OLYMPUS"."AUTH_PERMISSION" 
   (	"ID" NUMBER(11,0) GENERATED BY DEFAULT ON NULL AS IDENTITY MINVALUE 1 MAXVALUE 9999999999999999999999999999 INCREMENT BY 1 START WITH 1 CACHE 20 NOORDER  NOCYCLE  NOKEEP  NOSCALE , 
	"NAME" NVARCHAR2(255), 
	"CONTENT_TYPE_ID" NUMBER(11,0), 
	"CODENAME" NVARCHAR2(100)
   ) SEGMENT CREATION IMMEDIATE 
  PCTFREE 10 PCTUSED 40 INITRANS 1 MAXTRANS 255 
 NOCOMPRESS LOGGING
  STORAGE(INITIAL 65536 NEXT 1048576 MINEXTENTS 1 MAXEXTENTS 2147483645
  PCTINCREASE 0 FREELISTS 1 FREELIST GROUPS 1
  BUFFER_POOL DEFAULT FLASH_CACHE DEFAULT CELL_FLASH_CACHE DEFAULT)
  TABLESPACE "USERS" ;
--------------------------------------------------------
--  DDL for Table AUTHTOKEN_TOKEN
--------------------------------------------------------

  CREATE TABLE "OLYMPUS"."AUTHTOKEN_TOKEN" 
   (	"KEY" NVARCHAR2(40), 
	"CREATED" TIMESTAMP (6), 
	"USER_ID" NUMBER(19,0)
   ) SEGMENT CREATION IMMEDIATE 
  PCTFREE 10 PCTUSED 40 INITRANS 1 MAXTRANS 255 
 NOCOMPRESS LOGGING
  STORAGE(INITIAL 65536 NEXT 1048576 MINEXTENTS 1 MAXEXTENTS 2147483645
  PCTINCREASE 0 FREELISTS 1 FREELIST GROUPS 1
  BUFFER_POOL DEFAULT FLASH_CACHE DEFAULT CELL_FLASH_CACHE DEFAULT)
  TABLESPACE "USERS" ;
--------------------------------------------------------
--  DDL for Table CORE_CATEGORIA
--------------------------------------------------------

  CREATE TABLE "OLYMPUS"."CORE_CATEGORIA" 
   (	"IDCATEGORIA" NUMBER(11,0) GENERATED BY DEFAULT ON NULL AS IDENTITY MINVALUE 1 MAXVALUE 9999999999999999999999999999 INCREMENT BY 1 START WITH 1 CACHE 20 NOORDER  NOCYCLE  NOKEEP  NOSCALE , 
	"NOMBREC" NVARCHAR2(30)
   ) SEGMENT CREATION IMMEDIATE 
  PCTFREE 10 PCTUSED 40 INITRANS 1 MAXTRANS 255 
 NOCOMPRESS LOGGING
  STORAGE(INITIAL 65536 NEXT 1048576 MINEXTENTS 1 MAXEXTENTS 2147483645
  PCTINCREASE 0 FREELISTS 1 FREELIST GROUPS 1
  BUFFER_POOL DEFAULT FLASH_CACHE DEFAULT CELL_FLASH_CACHE DEFAULT)
  TABLESPACE "USERS" ;
--------------------------------------------------------
--  DDL for Table CORE_ESTATUS
--------------------------------------------------------

  CREATE TABLE "OLYMPUS"."CORE_ESTATUS" 
   (	"IDESTATUS" NUMBER(11,0) GENERATED BY DEFAULT ON NULL AS IDENTITY MINVALUE 1 MAXVALUE 9999999999999999999999999999 INCREMENT BY 1 START WITH 1 CACHE 20 NOORDER  NOCYCLE  NOKEEP  NOSCALE , 
	"NOMBREE" NVARCHAR2(30)
   ) SEGMENT CREATION IMMEDIATE 
  PCTFREE 10 PCTUSED 40 INITRANS 1 MAXTRANS 255 
 NOCOMPRESS LOGGING
  STORAGE(INITIAL 65536 NEXT 1048576 MINEXTENTS 1 MAXEXTENTS 2147483645
  PCTINCREASE 0 FREELISTS 1 FREELIST GROUPS 1
  BUFFER_POOL DEFAULT FLASH_CACHE DEFAULT CELL_FLASH_CACHE DEFAULT)
  TABLESPACE "USERS" ;
--------------------------------------------------------
--  DDL for Table CORE_PRODUCTO
--------------------------------------------------------

  CREATE TABLE "OLYMPUS"."CORE_PRODUCTO" 
   (	"IDPRODUCTO" NUMBER(11,0) GENERATED BY DEFAULT ON NULL AS IDENTITY MINVALUE 1 MAXVALUE 9999999999999999999999999999 INCREMENT BY 1 START WITH 1 CACHE 20 NOORDER  NOCYCLE  NOKEEP  NOSCALE , 
	"NOMBREPRODUCTO" NVARCHAR2(30), 
	"DESCCORTA" NVARCHAR2(30), 
	"DESCLARGA" NVARCHAR2(200), 
	"PRECIO" NUMBER(11,0), 
	"STOCK" NUMBER(11,0), 
	"FOTO" NVARCHAR2(100), 
	"CATEGORIA_ID" NUMBER(11,0), 
	"ESTATUS_ID" NUMBER(11,0)
   ) SEGMENT CREATION IMMEDIATE 
  PCTFREE 10 PCTUSED 40 INITRANS 1 MAXTRANS 255 
 NOCOMPRESS LOGGING
  STORAGE(INITIAL 65536 NEXT 1048576 MINEXTENTS 1 MAXEXTENTS 2147483645
  PCTINCREASE 0 FREELISTS 1 FREELIST GROUPS 1
  BUFFER_POOL DEFAULT FLASH_CACHE DEFAULT CELL_FLASH_CACHE DEFAULT)
  TABLESPACE "USERS" ;
--------------------------------------------------------
--  DDL for Table DJANGO_ADMIN_LOG
--------------------------------------------------------

  CREATE TABLE "OLYMPUS"."DJANGO_ADMIN_LOG" 
   (	"ID" NUMBER(11,0) GENERATED BY DEFAULT ON NULL AS IDENTITY MINVALUE 1 MAXVALUE 9999999999999999999999999999 INCREMENT BY 1 START WITH 1 CACHE 20 NOORDER  NOCYCLE  NOKEEP  NOSCALE , 
	"ACTION_TIME" TIMESTAMP (6), 
	"OBJECT_ID" NCLOB, 
	"OBJECT_REPR" NVARCHAR2(200), 
	"ACTION_FLAG" NUMBER(11,0), 
	"CHANGE_MESSAGE" NCLOB, 
	"CONTENT_TYPE_ID" NUMBER(11,0), 
	"USER_ID" NUMBER(19,0)
   ) SEGMENT CREATION IMMEDIATE 
  PCTFREE 10 PCTUSED 40 INITRANS 1 MAXTRANS 255 
 NOCOMPRESS LOGGING
  STORAGE(INITIAL 65536 NEXT 1048576 MINEXTENTS 1 MAXEXTENTS 2147483645
  PCTINCREASE 0 FREELISTS 1 FREELIST GROUPS 1
  BUFFER_POOL DEFAULT FLASH_CACHE DEFAULT CELL_FLASH_CACHE DEFAULT)
  TABLESPACE "USERS" 
 LOB ("OBJECT_ID") STORE AS SECUREFILE (
  TABLESPACE "USERS" ENABLE STORAGE IN ROW CHUNK 8192
  NOCACHE LOGGING  NOCOMPRESS  KEEP_DUPLICATES 
  STORAGE(INITIAL 106496 NEXT 1048576 MINEXTENTS 1 MAXEXTENTS 2147483645
  PCTINCREASE 0
  BUFFER_POOL DEFAULT FLASH_CACHE DEFAULT CELL_FLASH_CACHE DEFAULT)) 
 LOB ("CHANGE_MESSAGE") STORE AS SECUREFILE (
  TABLESPACE "USERS" ENABLE STORAGE IN ROW CHUNK 8192
  NOCACHE LOGGING  NOCOMPRESS  KEEP_DUPLICATES 
  STORAGE(INITIAL 106496 NEXT 1048576 MINEXTENTS 1 MAXEXTENTS 2147483645
  PCTINCREASE 0
  BUFFER_POOL DEFAULT FLASH_CACHE DEFAULT CELL_FLASH_CACHE DEFAULT)) ;
--------------------------------------------------------
--  DDL for Table DJANGO_CONTENT_TYPE
--------------------------------------------------------

  CREATE TABLE "OLYMPUS"."DJANGO_CONTENT_TYPE" 
   (	"ID" NUMBER(11,0) GENERATED BY DEFAULT ON NULL AS IDENTITY MINVALUE 1 MAXVALUE 9999999999999999999999999999 INCREMENT BY 1 START WITH 1 CACHE 20 NOORDER  NOCYCLE  NOKEEP  NOSCALE , 
	"APP_LABEL" NVARCHAR2(100), 
	"MODEL" NVARCHAR2(100)
   ) SEGMENT CREATION IMMEDIATE 
  PCTFREE 10 PCTUSED 40 INITRANS 1 MAXTRANS 255 
 NOCOMPRESS LOGGING
  STORAGE(INITIAL 65536 NEXT 1048576 MINEXTENTS 1 MAXEXTENTS 2147483645
  PCTINCREASE 0 FREELISTS 1 FREELIST GROUPS 1
  BUFFER_POOL DEFAULT FLASH_CACHE DEFAULT CELL_FLASH_CACHE DEFAULT)
  TABLESPACE "USERS" ;
--------------------------------------------------------
--  DDL for Table DJANGO_MIGRATIONS
--------------------------------------------------------

  CREATE TABLE "OLYMPUS"."DJANGO_MIGRATIONS" 
   (	"ID" NUMBER(19,0) GENERATED BY DEFAULT ON NULL AS IDENTITY MINVALUE 1 MAXVALUE 9999999999999999999999999999 INCREMENT BY 1 START WITH 1 CACHE 20 NOORDER  NOCYCLE  NOKEEP  NOSCALE , 
	"APP" NVARCHAR2(255), 
	"NAME" NVARCHAR2(255), 
	"APPLIED" TIMESTAMP (6)
   ) SEGMENT CREATION IMMEDIATE 
  PCTFREE 10 PCTUSED 40 INITRANS 1 MAXTRANS 255 
 NOCOMPRESS LOGGING
  STORAGE(INITIAL 65536 NEXT 1048576 MINEXTENTS 1 MAXEXTENTS 2147483645
  PCTINCREASE 0 FREELISTS 1 FREELIST GROUPS 1
  BUFFER_POOL DEFAULT FLASH_CACHE DEFAULT CELL_FLASH_CACHE DEFAULT)
  TABLESPACE "USERS" ;
--------------------------------------------------------
--  DDL for Table DJANGO_SESSION
--------------------------------------------------------

  CREATE TABLE "OLYMPUS"."DJANGO_SESSION" 
   (	"SESSION_KEY" NVARCHAR2(40), 
	"SESSION_DATA" NCLOB, 
	"EXPIRE_DATE" TIMESTAMP (6)
   ) SEGMENT CREATION IMMEDIATE 
  PCTFREE 10 PCTUSED 40 INITRANS 1 MAXTRANS 255 
 NOCOMPRESS LOGGING
  STORAGE(INITIAL 65536 NEXT 1048576 MINEXTENTS 1 MAXEXTENTS 2147483645
  PCTINCREASE 0 FREELISTS 1 FREELIST GROUPS 1
  BUFFER_POOL DEFAULT FLASH_CACHE DEFAULT CELL_FLASH_CACHE DEFAULT)
  TABLESPACE "USERS" 
 LOB ("SESSION_DATA") STORE AS SECUREFILE (
  TABLESPACE "USERS" ENABLE STORAGE IN ROW CHUNK 8192
  NOCACHE LOGGING  NOCOMPRESS  KEEP_DUPLICATES 
  STORAGE(INITIAL 106496 NEXT 1048576 MINEXTENTS 1 MAXEXTENTS 2147483645
  PCTINCREASE 0
  BUFFER_POOL DEFAULT FLASH_CACHE DEFAULT CELL_FLASH_CACHE DEFAULT)) ;
--------------------------------------------------------
--  DDL for Table USERS_COMUNA
--------------------------------------------------------

  CREATE TABLE "OLYMPUS"."USERS_COMUNA" 
   (	"IDCOMUNA" NUMBER(11,0) GENERATED BY DEFAULT ON NULL AS IDENTITY MINVALUE 1 MAXVALUE 9999999999999999999999999999 INCREMENT BY 1 START WITH 1 CACHE 20 NOORDER  NOCYCLE  NOKEEP  NOSCALE , 
	"NOMBRE" NVARCHAR2(50), 
	"REGION_ID" NUMBER(11,0)
   ) SEGMENT CREATION IMMEDIATE 
  PCTFREE 10 PCTUSED 40 INITRANS 1 MAXTRANS 255 
 NOCOMPRESS LOGGING
  STORAGE(INITIAL 65536 NEXT 1048576 MINEXTENTS 1 MAXEXTENTS 2147483645
  PCTINCREASE 0 FREELISTS 1 FREELIST GROUPS 1
  BUFFER_POOL DEFAULT FLASH_CACHE DEFAULT CELL_FLASH_CACHE DEFAULT)
  TABLESPACE "USERS" ;
--------------------------------------------------------
--  DDL for Table USERS_DIRECCION
--------------------------------------------------------

  CREATE TABLE "OLYMPUS"."USERS_DIRECCION" 
   (	"IDDIRECCION" NUMBER(11,0) GENERATED BY DEFAULT ON NULL AS IDENTITY MINVALUE 1 MAXVALUE 9999999999999999999999999999 INCREMENT BY 1 START WITH 1 CACHE 20 NOORDER  NOCYCLE  NOKEEP  NOSCALE , 
	"NOMBRE" NVARCHAR2(50), 
	"IDUSUARIO" NUMBER(11,0), 
	"EMAIL" NVARCHAR2(254), 
	"COMUNA_ID" NUMBER(11,0)
   ) SEGMENT CREATION IMMEDIATE 
  PCTFREE 10 PCTUSED 40 INITRANS 1 MAXTRANS 255 
 NOCOMPRESS LOGGING
  STORAGE(INITIAL 65536 NEXT 1048576 MINEXTENTS 1 MAXEXTENTS 2147483645
  PCTINCREASE 0 FREELISTS 1 FREELIST GROUPS 1
  BUFFER_POOL DEFAULT FLASH_CACHE DEFAULT CELL_FLASH_CACHE DEFAULT)
  TABLESPACE "USERS" ;
--------------------------------------------------------
--  DDL for Table USERS_REGION
--------------------------------------------------------

  CREATE TABLE "OLYMPUS"."USERS_REGION" 
   (	"IDREGION" NUMBER(11,0) GENERATED BY DEFAULT ON NULL AS IDENTITY MINVALUE 1 MAXVALUE 9999999999999999999999999999 INCREMENT BY 1 START WITH 1 CACHE 20 NOORDER  NOCYCLE  NOKEEP  NOSCALE , 
	"NOMBRE" NVARCHAR2(50)
   ) SEGMENT CREATION IMMEDIATE 
  PCTFREE 10 PCTUSED 40 INITRANS 1 MAXTRANS 255 
 NOCOMPRESS LOGGING
  STORAGE(INITIAL 65536 NEXT 1048576 MINEXTENTS 1 MAXEXTENTS 2147483645
  PCTINCREASE 0 FREELISTS 1 FREELIST GROUPS 1
  BUFFER_POOL DEFAULT FLASH_CACHE DEFAULT CELL_FLASH_CACHE DEFAULT)
  TABLESPACE "USERS" ;
--------------------------------------------------------
--  DDL for Table USERS_USERPROFILE
--------------------------------------------------------

  CREATE TABLE "OLYMPUS"."USERS_USERPROFILE" 
   (	"ID" NUMBER(19,0) GENERATED BY DEFAULT ON NULL AS IDENTITY MINVALUE 1 MAXVALUE 9999999999999999999999999999 INCREMENT BY 1 START WITH 1 CACHE 20 NOORDER  NOCYCLE  NOKEEP  NOSCALE , 
	"PASSWORD" NVARCHAR2(128), 
	"LAST_LOGIN" TIMESTAMP (6), 
	"IS_SUPERUSER" NUMBER(1,0), 
	"EMAIL" NVARCHAR2(254), 
	"NOMBRE" NVARCHAR2(100), 
	"APELLIDOPA" NVARCHAR2(100), 
	"TELEFONO" NUMBER(11,0), 
	"FOTO" NVARCHAR2(100), 
	"IS_STAFF" NUMBER(1,0), 
	"IS_ACTIVE" NUMBER(1,0)
   ) SEGMENT CREATION IMMEDIATE 
  PCTFREE 10 PCTUSED 40 INITRANS 1 MAXTRANS 255 
 NOCOMPRESS LOGGING
  STORAGE(INITIAL 65536 NEXT 1048576 MINEXTENTS 1 MAXEXTENTS 2147483645
  PCTINCREASE 0 FREELISTS 1 FREELIST GROUPS 1
  BUFFER_POOL DEFAULT FLASH_CACHE DEFAULT CELL_FLASH_CACHE DEFAULT)
  TABLESPACE "USERS" ;
--------------------------------------------------------
--  DDL for Table USERS_USERPROFILE_GROUPS
--------------------------------------------------------

  CREATE TABLE "OLYMPUS"."USERS_USERPROFILE_GROUPS" 
   (	"ID" NUMBER(19,0) GENERATED BY DEFAULT ON NULL AS IDENTITY MINVALUE 1 MAXVALUE 9999999999999999999999999999 INCREMENT BY 1 START WITH 1 CACHE 20 NOORDER  NOCYCLE  NOKEEP  NOSCALE , 
	"USERPROFILE_ID" NUMBER(19,0), 
	"GROUP_ID" NUMBER(11,0)
   ) SEGMENT CREATION DEFERRED 
  PCTFREE 10 PCTUSED 40 INITRANS 1 MAXTRANS 255 
 NOCOMPRESS LOGGING
  TABLESPACE "USERS" ;
--------------------------------------------------------
--  DDL for Table USERS_USERPROFILE_USER_PER709B
--------------------------------------------------------

  CREATE TABLE "OLYMPUS"."USERS_USERPROFILE_USER_PER709B" 
   (	"ID" NUMBER(19,0) GENERATED BY DEFAULT ON NULL AS IDENTITY MINVALUE 1 MAXVALUE 9999999999999999999999999999 INCREMENT BY 1 START WITH 1 CACHE 20 NOORDER  NOCYCLE  NOKEEP  NOSCALE , 
	"USERPROFILE_ID" NUMBER(19,0), 
	"PERMISSION_ID" NUMBER(11,0)
   ) SEGMENT CREATION DEFERRED 
  PCTFREE 10 PCTUSED 40 INITRANS 1 MAXTRANS 255 
 NOCOMPRESS LOGGING
  TABLESPACE "USERS" ;
REM INSERTING into OLYMPUS.AUTH_GROUP
SET DEFINE OFF;
REM INSERTING into OLYMPUS.AUTH_GROUP_PERMISSIONS
SET DEFINE OFF;
REM INSERTING into OLYMPUS.AUTH_PERMISSION
SET DEFINE OFF;
Insert into OLYMPUS.AUTH_PERMISSION (ID,NAME,CONTENT_TYPE_ID,CODENAME) values ('1','Can add log entry','1','add_logentry');
Insert into OLYMPUS.AUTH_PERMISSION (ID,NAME,CONTENT_TYPE_ID,CODENAME) values ('2','Can change log entry','1','change_logentry');
Insert into OLYMPUS.AUTH_PERMISSION (ID,NAME,CONTENT_TYPE_ID,CODENAME) values ('3','Can delete log entry','1','delete_logentry');
Insert into OLYMPUS.AUTH_PERMISSION (ID,NAME,CONTENT_TYPE_ID,CODENAME) values ('4','Can view log entry','1','view_logentry');
Insert into OLYMPUS.AUTH_PERMISSION (ID,NAME,CONTENT_TYPE_ID,CODENAME) values ('5','Can add permission','2','add_permission');
Insert into OLYMPUS.AUTH_PERMISSION (ID,NAME,CONTENT_TYPE_ID,CODENAME) values ('6','Can change permission','2','change_permission');
Insert into OLYMPUS.AUTH_PERMISSION (ID,NAME,CONTENT_TYPE_ID,CODENAME) values ('7','Can delete permission','2','delete_permission');
Insert into OLYMPUS.AUTH_PERMISSION (ID,NAME,CONTENT_TYPE_ID,CODENAME) values ('8','Can view permission','2','view_permission');
Insert into OLYMPUS.AUTH_PERMISSION (ID,NAME,CONTENT_TYPE_ID,CODENAME) values ('9','Can add group','3','add_group');
Insert into OLYMPUS.AUTH_PERMISSION (ID,NAME,CONTENT_TYPE_ID,CODENAME) values ('10','Can change group','3','change_group');
Insert into OLYMPUS.AUTH_PERMISSION (ID,NAME,CONTENT_TYPE_ID,CODENAME) values ('11','Can delete group','3','delete_group');
Insert into OLYMPUS.AUTH_PERMISSION (ID,NAME,CONTENT_TYPE_ID,CODENAME) values ('12','Can view group','3','view_group');
Insert into OLYMPUS.AUTH_PERMISSION (ID,NAME,CONTENT_TYPE_ID,CODENAME) values ('13','Can add content type','4','add_contenttype');
Insert into OLYMPUS.AUTH_PERMISSION (ID,NAME,CONTENT_TYPE_ID,CODENAME) values ('14','Can change content type','4','change_contenttype');
Insert into OLYMPUS.AUTH_PERMISSION (ID,NAME,CONTENT_TYPE_ID,CODENAME) values ('15','Can delete content type','4','delete_contenttype');
Insert into OLYMPUS.AUTH_PERMISSION (ID,NAME,CONTENT_TYPE_ID,CODENAME) values ('16','Can view content type','4','view_contenttype');
Insert into OLYMPUS.AUTH_PERMISSION (ID,NAME,CONTENT_TYPE_ID,CODENAME) values ('17','Can add session','5','add_session');
Insert into OLYMPUS.AUTH_PERMISSION (ID,NAME,CONTENT_TYPE_ID,CODENAME) values ('18','Can change session','5','change_session');
Insert into OLYMPUS.AUTH_PERMISSION (ID,NAME,CONTENT_TYPE_ID,CODENAME) values ('19','Can delete session','5','delete_session');
Insert into OLYMPUS.AUTH_PERMISSION (ID,NAME,CONTENT_TYPE_ID,CODENAME) values ('20','Can view session','5','view_session');
Insert into OLYMPUS.AUTH_PERMISSION (ID,NAME,CONTENT_TYPE_ID,CODENAME) values ('21','Can add categoria','6','add_categoria');
Insert into OLYMPUS.AUTH_PERMISSION (ID,NAME,CONTENT_TYPE_ID,CODENAME) values ('22','Can change categoria','6','change_categoria');
Insert into OLYMPUS.AUTH_PERMISSION (ID,NAME,CONTENT_TYPE_ID,CODENAME) values ('23','Can delete categoria','6','delete_categoria');
Insert into OLYMPUS.AUTH_PERMISSION (ID,NAME,CONTENT_TYPE_ID,CODENAME) values ('24','Can view categoria','6','view_categoria');
Insert into OLYMPUS.AUTH_PERMISSION (ID,NAME,CONTENT_TYPE_ID,CODENAME) values ('25','Can add estatus','7','add_estatus');
Insert into OLYMPUS.AUTH_PERMISSION (ID,NAME,CONTENT_TYPE_ID,CODENAME) values ('26','Can change estatus','7','change_estatus');
Insert into OLYMPUS.AUTH_PERMISSION (ID,NAME,CONTENT_TYPE_ID,CODENAME) values ('27','Can delete estatus','7','delete_estatus');
Insert into OLYMPUS.AUTH_PERMISSION (ID,NAME,CONTENT_TYPE_ID,CODENAME) values ('28','Can view estatus','7','view_estatus');
Insert into OLYMPUS.AUTH_PERMISSION (ID,NAME,CONTENT_TYPE_ID,CODENAME) values ('29','Can add producto','8','add_producto');
Insert into OLYMPUS.AUTH_PERMISSION (ID,NAME,CONTENT_TYPE_ID,CODENAME) values ('30','Can change producto','8','change_producto');
Insert into OLYMPUS.AUTH_PERMISSION (ID,NAME,CONTENT_TYPE_ID,CODENAME) values ('31','Can delete producto','8','delete_producto');
Insert into OLYMPUS.AUTH_PERMISSION (ID,NAME,CONTENT_TYPE_ID,CODENAME) values ('32','Can view producto','8','view_producto');
Insert into OLYMPUS.AUTH_PERMISSION (ID,NAME,CONTENT_TYPE_ID,CODENAME) values ('33','Can add comuna','9','add_comuna');
Insert into OLYMPUS.AUTH_PERMISSION (ID,NAME,CONTENT_TYPE_ID,CODENAME) values ('34','Can change comuna','9','change_comuna');
Insert into OLYMPUS.AUTH_PERMISSION (ID,NAME,CONTENT_TYPE_ID,CODENAME) values ('35','Can delete comuna','9','delete_comuna');
Insert into OLYMPUS.AUTH_PERMISSION (ID,NAME,CONTENT_TYPE_ID,CODENAME) values ('36','Can view comuna','9','view_comuna');
Insert into OLYMPUS.AUTH_PERMISSION (ID,NAME,CONTENT_TYPE_ID,CODENAME) values ('37','Can add region','10','add_region');
Insert into OLYMPUS.AUTH_PERMISSION (ID,NAME,CONTENT_TYPE_ID,CODENAME) values ('38','Can change region','10','change_region');
Insert into OLYMPUS.AUTH_PERMISSION (ID,NAME,CONTENT_TYPE_ID,CODENAME) values ('39','Can delete region','10','delete_region');
Insert into OLYMPUS.AUTH_PERMISSION (ID,NAME,CONTENT_TYPE_ID,CODENAME) values ('40','Can view region','10','view_region');
Insert into OLYMPUS.AUTH_PERMISSION (ID,NAME,CONTENT_TYPE_ID,CODENAME) values ('41','Can add direccion','11','add_direccion');
Insert into OLYMPUS.AUTH_PERMISSION (ID,NAME,CONTENT_TYPE_ID,CODENAME) values ('42','Can change direccion','11','change_direccion');
Insert into OLYMPUS.AUTH_PERMISSION (ID,NAME,CONTENT_TYPE_ID,CODENAME) values ('43','Can delete direccion','11','delete_direccion');
Insert into OLYMPUS.AUTH_PERMISSION (ID,NAME,CONTENT_TYPE_ID,CODENAME) values ('44','Can view direccion','11','view_direccion');
Insert into OLYMPUS.AUTH_PERMISSION (ID,NAME,CONTENT_TYPE_ID,CODENAME) values ('45','Can add user profile','12','add_userprofile');
Insert into OLYMPUS.AUTH_PERMISSION (ID,NAME,CONTENT_TYPE_ID,CODENAME) values ('46','Can change user profile','12','change_userprofile');
Insert into OLYMPUS.AUTH_PERMISSION (ID,NAME,CONTENT_TYPE_ID,CODENAME) values ('47','Can delete user profile','12','delete_userprofile');
Insert into OLYMPUS.AUTH_PERMISSION (ID,NAME,CONTENT_TYPE_ID,CODENAME) values ('48','Can view user profile','12','view_userprofile');
Insert into OLYMPUS.AUTH_PERMISSION (ID,NAME,CONTENT_TYPE_ID,CODENAME) values ('61','Can add Token','21','add_token');
Insert into OLYMPUS.AUTH_PERMISSION (ID,NAME,CONTENT_TYPE_ID,CODENAME) values ('62','Can change Token','21','change_token');
Insert into OLYMPUS.AUTH_PERMISSION (ID,NAME,CONTENT_TYPE_ID,CODENAME) values ('63','Can delete Token','21','delete_token');
Insert into OLYMPUS.AUTH_PERMISSION (ID,NAME,CONTENT_TYPE_ID,CODENAME) values ('64','Can view Token','21','view_token');
Insert into OLYMPUS.AUTH_PERMISSION (ID,NAME,CONTENT_TYPE_ID,CODENAME) values ('65','Can add token','22','add_tokenproxy');
Insert into OLYMPUS.AUTH_PERMISSION (ID,NAME,CONTENT_TYPE_ID,CODENAME) values ('66','Can change token','22','change_tokenproxy');
Insert into OLYMPUS.AUTH_PERMISSION (ID,NAME,CONTENT_TYPE_ID,CODENAME) values ('67','Can delete token','22','delete_tokenproxy');
Insert into OLYMPUS.AUTH_PERMISSION (ID,NAME,CONTENT_TYPE_ID,CODENAME) values ('68','Can view token','22','view_tokenproxy');
REM INSERTING into OLYMPUS.AUTHTOKEN_TOKEN
SET DEFINE OFF;
Insert into OLYMPUS.AUTHTOKEN_TOKEN (KEY,CREATED,USER_ID) values ('ed21636fa884153934f88b7e3e9eecf83ce2282f',to_timestamp('21/06/22 23:43:26,444177000','DD/MM/RR HH24:MI:SSXFF'),'0');
REM INSERTING into OLYMPUS.CORE_CATEGORIA
SET DEFINE OFF;
Insert into OLYMPUS.CORE_CATEGORIA (IDCATEGORIA,NOMBREC) values ('1','Chaqueta');
Insert into OLYMPUS.CORE_CATEGORIA (IDCATEGORIA,NOMBREC) values ('2','Pantalon');
Insert into OLYMPUS.CORE_CATEGORIA (IDCATEGORIA,NOMBREC) values ('3','Polera');
Insert into OLYMPUS.CORE_CATEGORIA (IDCATEGORIA,NOMBREC) values ('4','Poleron');
Insert into OLYMPUS.CORE_CATEGORIA (IDCATEGORIA,NOMBREC) values ('5','Zapatillas');
REM INSERTING into OLYMPUS.CORE_ESTATUS
SET DEFINE OFF;
Insert into OLYMPUS.CORE_ESTATUS (IDESTATUS,NOMBREE) values ('1','Disponible');
Insert into OLYMPUS.CORE_ESTATUS (IDESTATUS,NOMBREE) values ('2','Eliminado');
Insert into OLYMPUS.CORE_ESTATUS (IDESTATUS,NOMBREE) values ('3','Comprado');
REM INSERTING into OLYMPUS.CORE_PRODUCTO
SET DEFINE OFF;
Insert into OLYMPUS.CORE_PRODUCTO (IDPRODUCTO,NOMBREPRODUCTO,DESCCORTA,DESCLARGA,PRECIO,STOCK,FOTO,CATEGORIA_ID,ESTATUS_ID) values ('86','Polera Enzo','Color: Azul','Polera deportiva con proteccion al sudor','15990','36','core/Polera.png','3','1');
Insert into OLYMPUS.CORE_PRODUCTO (IDPRODUCTO,NOMBREPRODUCTO,DESCCORTA,DESCLARGA,PRECIO,STOCK,FOTO,CATEGORIA_ID,ESTATUS_ID) values ('87','Zapatillas Pride','Edicion Limitada','Unas zapatillas con el esquema de colores "Pride"','45000','10','core/Zapatillas.png','5','1');
Insert into OLYMPUS.CORE_PRODUCTO (IDPRODUCTO,NOMBREPRODUCTO,DESCCORTA,DESCLARGA,PRECIO,STOCK,FOTO,CATEGORIA_ID,ESTATUS_ID) values ('80','Chaqueta KNOX','Color: Negro','Es una chaqueta Alta Gama que te protegera del frio, para que puedas entrenar en cualquier situacion.','75000','15','core/Chaqueta.png','1','1');
Insert into OLYMPUS.CORE_PRODUCTO (IDPRODUCTO,NOMBREPRODUCTO,DESCCORTA,DESCLARGA,PRECIO,STOCK,FOTO,CATEGORIA_ID,ESTATUS_ID) values ('81','Pantalon Adidas','Color: Negro','Un pantalon muy comodo y flexible para cualquier tipo de deporte','35000','15','core/Pantalon.png','2','1');
Insert into OLYMPUS.CORE_PRODUCTO (IDPRODUCTO,NOMBREPRODUCTO,DESCCORTA,DESCLARGA,PRECIO,STOCK,FOTO,CATEGORIA_ID,ESTATUS_ID) values ('82','Chaqueta Pride','Edicion Limitada','Una chaqueta con el esquema de colores "Pride"','30000','10','core/rBVaVlv7XXqAKF_bAAKOFWCx9S0857.jpg','1','1');
Insert into OLYMPUS.CORE_PRODUCTO (IDPRODUCTO,NOMBREPRODUCTO,DESCCORTA,DESCLARGA,PRECIO,STOCK,FOTO,CATEGORIA_ID,ESTATUS_ID) values ('83','Chaqueta Cortaviento','Color: verde fluor','es una chaqueta muy comoda','16000','30','core/chaqueta-deportiva-y-cortavientos.jpg','1','1');
Insert into OLYMPUS.CORE_PRODUCTO (IDPRODUCTO,NOMBREPRODUCTO,DESCCORTA,DESCLARGA,PRECIO,STOCK,FOTO,CATEGORIA_ID,ESTATUS_ID) values ('84','Chaqueta Deportiva','Color: Negro','es una chaqueta sencilla pero muy comoda y especial para deportes','20000','34','core/chaqueta-deportiva-comprar-opiniones-1-1024x1016.jpg','1','1');
Insert into OLYMPUS.CORE_PRODUCTO (IDPRODUCTO,NOMBREPRODUCTO,DESCCORTA,DESCLARGA,PRECIO,STOCK,FOTO,CATEGORIA_ID,ESTATUS_ID) values ('85','Club Valdivia','Poleron Oficial','El poleron Oficial del club deportivo "valdivia"','55000','28','core/poleron_cdv_by_livepro_oficial_rojo_1_400x.png','4','1');
REM INSERTING into OLYMPUS.DJANGO_ADMIN_LOG
SET DEFINE OFF;
Insert into OLYMPUS.DJANGO_ADMIN_LOG (ID,ACTION_TIME,OBJECT_REPR,ACTION_FLAG,CONTENT_TYPE_ID,USER_ID) values ('1',to_timestamp('05/06/22 04:58:56,678574000','DD/MM/RR HH24:MI:SSXFF'),'Chaqueta','1','6','0');
Insert into OLYMPUS.DJANGO_ADMIN_LOG (ID,ACTION_TIME,OBJECT_REPR,ACTION_FLAG,CONTENT_TYPE_ID,USER_ID) values ('2',to_timestamp('05/06/22 04:58:58,586427000','DD/MM/RR HH24:MI:SSXFF'),'Pantalon','1','6','0');
Insert into OLYMPUS.DJANGO_ADMIN_LOG (ID,ACTION_TIME,OBJECT_REPR,ACTION_FLAG,CONTENT_TYPE_ID,USER_ID) values ('3',to_timestamp('05/06/22 04:59:01,040271000','DD/MM/RR HH24:MI:SSXFF'),'Polera','1','6','0');
Insert into OLYMPUS.DJANGO_ADMIN_LOG (ID,ACTION_TIME,OBJECT_REPR,ACTION_FLAG,CONTENT_TYPE_ID,USER_ID) values ('4',to_timestamp('05/06/22 04:59:04,001557000','DD/MM/RR HH24:MI:SSXFF'),'Poleron','1','6','0');
Insert into OLYMPUS.DJANGO_ADMIN_LOG (ID,ACTION_TIME,OBJECT_REPR,ACTION_FLAG,CONTENT_TYPE_ID,USER_ID) values ('5',to_timestamp('05/06/22 04:59:05,833259000','DD/MM/RR HH24:MI:SSXFF'),'Zapatillas','1','6','0');
Insert into OLYMPUS.DJANGO_ADMIN_LOG (ID,ACTION_TIME,OBJECT_REPR,ACTION_FLAG,CONTENT_TYPE_ID,USER_ID) values ('6',to_timestamp('05/06/22 04:59:25,852944000','DD/MM/RR HH24:MI:SSXFF'),'Disponible','1','7','0');
Insert into OLYMPUS.DJANGO_ADMIN_LOG (ID,ACTION_TIME,OBJECT_REPR,ACTION_FLAG,CONTENT_TYPE_ID,USER_ID) values ('7',to_timestamp('05/06/22 04:59:28,175567000','DD/MM/RR HH24:MI:SSXFF'),'Eliminado','1','7','0');
Insert into OLYMPUS.DJANGO_ADMIN_LOG (ID,ACTION_TIME,OBJECT_REPR,ACTION_FLAG,CONTENT_TYPE_ID,USER_ID) values ('8',to_timestamp('05/06/22 04:59:30,545379000','DD/MM/RR HH24:MI:SSXFF'),'Comprado','1','7','0');
Insert into OLYMPUS.DJANGO_ADMIN_LOG (ID,ACTION_TIME,OBJECT_REPR,ACTION_FLAG,CONTENT_TYPE_ID,USER_ID) values ('9',to_timestamp('05/06/22 04:59:50,995871000','DD/MM/RR HH24:MI:SSXFF'),'Arica y Parinacota','1','10','0');
Insert into OLYMPUS.DJANGO_ADMIN_LOG (ID,ACTION_TIME,OBJECT_REPR,ACTION_FLAG,CONTENT_TYPE_ID,USER_ID) values ('10',to_timestamp('05/06/22 04:59:55,547580000','DD/MM/RR HH24:MI:SSXFF'),'Tarapaca','1','10','0');
Insert into OLYMPUS.DJANGO_ADMIN_LOG (ID,ACTION_TIME,OBJECT_REPR,ACTION_FLAG,CONTENT_TYPE_ID,USER_ID) values ('11',to_timestamp('05/06/22 04:59:59,010981000','DD/MM/RR HH24:MI:SSXFF'),'Antofagasta','1','10','0');
Insert into OLYMPUS.DJANGO_ADMIN_LOG (ID,ACTION_TIME,OBJECT_REPR,ACTION_FLAG,CONTENT_TYPE_ID,USER_ID) values ('12',to_timestamp('05/06/22 05:00:02,296747000','DD/MM/RR HH24:MI:SSXFF'),'Atacama','1','10','0');
Insert into OLYMPUS.DJANGO_ADMIN_LOG (ID,ACTION_TIME,OBJECT_REPR,ACTION_FLAG,CONTENT_TYPE_ID,USER_ID) values ('13',to_timestamp('05/06/22 05:00:05,413690000','DD/MM/RR HH24:MI:SSXFF'),'Coquimbo','1','10','0');
Insert into OLYMPUS.DJANGO_ADMIN_LOG (ID,ACTION_TIME,OBJECT_REPR,ACTION_FLAG,CONTENT_TYPE_ID,USER_ID) values ('14',to_timestamp('05/06/22 05:00:08,933242000','DD/MM/RR HH24:MI:SSXFF'),'Valparaiso','1','10','0');
Insert into OLYMPUS.DJANGO_ADMIN_LOG (ID,ACTION_TIME,OBJECT_REPR,ACTION_FLAG,CONTENT_TYPE_ID,USER_ID) values ('15',to_timestamp('05/06/22 05:00:12,301362000','DD/MM/RR HH24:MI:SSXFF'),'Metropolitana','1','10','0');
Insert into OLYMPUS.DJANGO_ADMIN_LOG (ID,ACTION_TIME,OBJECT_REPR,ACTION_FLAG,CONTENT_TYPE_ID,USER_ID) values ('16',to_timestamp('05/06/22 05:00:17,452791000','DD/MM/RR HH24:MI:SSXFF'),'O'''' Higgins','1','10','0');
Insert into OLYMPUS.DJANGO_ADMIN_LOG (ID,ACTION_TIME,OBJECT_REPR,ACTION_FLAG,CONTENT_TYPE_ID,USER_ID) values ('17',to_timestamp('05/06/22 05:00:21,004285000','DD/MM/RR HH24:MI:SSXFF'),'Maule','1','10','0');
Insert into OLYMPUS.DJANGO_ADMIN_LOG (ID,ACTION_TIME,OBJECT_REPR,ACTION_FLAG,CONTENT_TYPE_ID,USER_ID) values ('18',to_timestamp('05/06/22 05:00:25,732259000','DD/MM/RR HH24:MI:SSXFF'),'niuble','1','10','0');
Insert into OLYMPUS.DJANGO_ADMIN_LOG (ID,ACTION_TIME,OBJECT_REPR,ACTION_FLAG,CONTENT_TYPE_ID,USER_ID) values ('19',to_timestamp('05/06/22 05:00:29,134438000','DD/MM/RR HH24:MI:SSXFF'),'Biobio','1','10','0');
Insert into OLYMPUS.DJANGO_ADMIN_LOG (ID,ACTION_TIME,OBJECT_REPR,ACTION_FLAG,CONTENT_TYPE_ID,USER_ID) values ('20',to_timestamp('05/06/22 05:00:32,505225000','DD/MM/RR HH24:MI:SSXFF'),'La Araucania','1','10','0');
Insert into OLYMPUS.DJANGO_ADMIN_LOG (ID,ACTION_TIME,OBJECT_REPR,ACTION_FLAG,CONTENT_TYPE_ID,USER_ID) values ('21',to_timestamp('05/06/22 05:00:35,569965000','DD/MM/RR HH24:MI:SSXFF'),'Los Rios','1','10','0');
Insert into OLYMPUS.DJANGO_ADMIN_LOG (ID,ACTION_TIME,OBJECT_REPR,ACTION_FLAG,CONTENT_TYPE_ID,USER_ID) values ('22',to_timestamp('05/06/22 05:00:39,302288000','DD/MM/RR HH24:MI:SSXFF'),'Los Lagos','1','10','0');
Insert into OLYMPUS.DJANGO_ADMIN_LOG (ID,ACTION_TIME,OBJECT_REPR,ACTION_FLAG,CONTENT_TYPE_ID,USER_ID) values ('23',to_timestamp('05/06/22 05:00:42,245143000','DD/MM/RR HH24:MI:SSXFF'),'Aysen','1','10','0');
Insert into OLYMPUS.DJANGO_ADMIN_LOG (ID,ACTION_TIME,OBJECT_REPR,ACTION_FLAG,CONTENT_TYPE_ID,USER_ID) values ('24',to_timestamp('05/06/22 05:00:45,008300000','DD/MM/RR HH24:MI:SSXFF'),'Magallanes','1','10','0');
Insert into OLYMPUS.DJANGO_ADMIN_LOG (ID,ACTION_TIME,OBJECT_REPR,ACTION_FLAG,CONTENT_TYPE_ID,USER_ID) values ('25',to_timestamp('05/06/22 05:02:24,364814000','DD/MM/RR HH24:MI:SSXFF'),'Arica','1','9','0');
Insert into OLYMPUS.DJANGO_ADMIN_LOG (ID,ACTION_TIME,OBJECT_REPR,ACTION_FLAG,CONTENT_TYPE_ID,USER_ID) values ('26',to_timestamp('05/06/22 05:02:28,887102000','DD/MM/RR HH24:MI:SSXFF'),'Camarones','1','9','0');
Insert into OLYMPUS.DJANGO_ADMIN_LOG (ID,ACTION_TIME,OBJECT_REPR,ACTION_FLAG,CONTENT_TYPE_ID,USER_ID) values ('27',to_timestamp('05/06/22 05:02:35,230291000','DD/MM/RR HH24:MI:SSXFF'),'General Lagos','1','9','0');
Insert into OLYMPUS.DJANGO_ADMIN_LOG (ID,ACTION_TIME,OBJECT_REPR,ACTION_FLAG,CONTENT_TYPE_ID,USER_ID) values ('28',to_timestamp('05/06/22 05:02:41,594130000','DD/MM/RR HH24:MI:SSXFF'),'Putre','1','9','0');
Insert into OLYMPUS.DJANGO_ADMIN_LOG (ID,ACTION_TIME,OBJECT_REPR,ACTION_FLAG,CONTENT_TYPE_ID,USER_ID) values ('29',to_timestamp('05/06/22 05:02:46,379959000','DD/MM/RR HH24:MI:SSXFF'),'Alto Hospicio','1','9','0');
Insert into OLYMPUS.DJANGO_ADMIN_LOG (ID,ACTION_TIME,OBJECT_REPR,ACTION_FLAG,CONTENT_TYPE_ID,USER_ID) values ('30',to_timestamp('05/06/22 05:02:51,663052000','DD/MM/RR HH24:MI:SSXFF'),'Iquique','1','9','0');
Insert into OLYMPUS.DJANGO_ADMIN_LOG (ID,ACTION_TIME,OBJECT_REPR,ACTION_FLAG,CONTENT_TYPE_ID,USER_ID) values ('31',to_timestamp('05/06/22 05:02:56,931232000','DD/MM/RR HH24:MI:SSXFF'),'Caminia','1','9','0');
Insert into OLYMPUS.DJANGO_ADMIN_LOG (ID,ACTION_TIME,OBJECT_REPR,ACTION_FLAG,CONTENT_TYPE_ID,USER_ID) values ('32',to_timestamp('05/06/22 05:03:03,520331000','DD/MM/RR HH24:MI:SSXFF'),'Colchane','1','9','0');
Insert into OLYMPUS.DJANGO_ADMIN_LOG (ID,ACTION_TIME,OBJECT_REPR,ACTION_FLAG,CONTENT_TYPE_ID,USER_ID) values ('33',to_timestamp('05/06/22 05:03:11,591534000','DD/MM/RR HH24:MI:SSXFF'),'Huara','1','9','0');
Insert into OLYMPUS.DJANGO_ADMIN_LOG (ID,ACTION_TIME,OBJECT_REPR,ACTION_FLAG,CONTENT_TYPE_ID,USER_ID) values ('34',to_timestamp('05/06/22 05:03:17,820127000','DD/MM/RR HH24:MI:SSXFF'),'Pica','1','9','0');
Insert into OLYMPUS.DJANGO_ADMIN_LOG (ID,ACTION_TIME,OBJECT_REPR,ACTION_FLAG,CONTENT_TYPE_ID,USER_ID) values ('35',to_timestamp('05/06/22 05:03:23,067196000','DD/MM/RR HH24:MI:SSXFF'),'Pozo Almonte','1','9','0');
Insert into OLYMPUS.DJANGO_ADMIN_LOG (ID,ACTION_TIME,OBJECT_REPR,ACTION_FLAG,CONTENT_TYPE_ID,USER_ID) values ('36',to_timestamp('05/06/22 05:03:29,947262000','DD/MM/RR HH24:MI:SSXFF'),'Tocopilla','1','9','0');
Insert into OLYMPUS.DJANGO_ADMIN_LOG (ID,ACTION_TIME,OBJECT_REPR,ACTION_FLAG,CONTENT_TYPE_ID,USER_ID) values ('37',to_timestamp('05/06/22 05:03:35,576731000','DD/MM/RR HH24:MI:SSXFF'),'Maria Elena','1','9','0');
Insert into OLYMPUS.DJANGO_ADMIN_LOG (ID,ACTION_TIME,OBJECT_REPR,ACTION_FLAG,CONTENT_TYPE_ID,USER_ID) values ('38',to_timestamp('05/06/22 05:03:42,493241000','DD/MM/RR HH24:MI:SSXFF'),'Calama','1','9','0');
Insert into OLYMPUS.DJANGO_ADMIN_LOG (ID,ACTION_TIME,OBJECT_REPR,ACTION_FLAG,CONTENT_TYPE_ID,USER_ID) values ('39',to_timestamp('05/06/22 05:03:51,430648000','DD/MM/RR HH24:MI:SSXFF'),'Ollague','1','9','0');
Insert into OLYMPUS.DJANGO_ADMIN_LOG (ID,ACTION_TIME,OBJECT_REPR,ACTION_FLAG,CONTENT_TYPE_ID,USER_ID) values ('40',to_timestamp('05/06/22 05:03:57,072526000','DD/MM/RR HH24:MI:SSXFF'),'San Pedro de Atacama','1','9','0');
Insert into OLYMPUS.DJANGO_ADMIN_LOG (ID,ACTION_TIME,OBJECT_REPR,ACTION_FLAG,CONTENT_TYPE_ID,USER_ID) values ('41',to_timestamp('05/06/22 05:04:02,933651000','DD/MM/RR HH24:MI:SSXFF'),'Antofagasta','1','9','0');
Insert into OLYMPUS.DJANGO_ADMIN_LOG (ID,ACTION_TIME,OBJECT_REPR,ACTION_FLAG,CONTENT_TYPE_ID,USER_ID) values ('42',to_timestamp('05/06/22 05:04:07,254073000','DD/MM/RR HH24:MI:SSXFF'),'Mejillones','1','9','0');
Insert into OLYMPUS.DJANGO_ADMIN_LOG (ID,ACTION_TIME,OBJECT_REPR,ACTION_FLAG,CONTENT_TYPE_ID,USER_ID) values ('43',to_timestamp('05/06/22 05:04:12,604378000','DD/MM/RR HH24:MI:SSXFF'),'Sierra Gorda','1','9','0');
Insert into OLYMPUS.DJANGO_ADMIN_LOG (ID,ACTION_TIME,OBJECT_REPR,ACTION_FLAG,CONTENT_TYPE_ID,USER_ID) values ('44',to_timestamp('05/06/22 05:04:17,623482000','DD/MM/RR HH24:MI:SSXFF'),'Taltal','1','9','0');
Insert into OLYMPUS.DJANGO_ADMIN_LOG (ID,ACTION_TIME,OBJECT_REPR,ACTION_FLAG,CONTENT_TYPE_ID,USER_ID) values ('45',to_timestamp('05/06/22 05:04:22,852932000','DD/MM/RR HH24:MI:SSXFF'),'Chaniaral','1','9','0');
Insert into OLYMPUS.DJANGO_ADMIN_LOG (ID,ACTION_TIME,OBJECT_REPR,ACTION_FLAG,CONTENT_TYPE_ID,USER_ID) values ('46',to_timestamp('05/06/22 05:04:27,874705000','DD/MM/RR HH24:MI:SSXFF'),'Diego de Almagro','1','9','0');
Insert into OLYMPUS.DJANGO_ADMIN_LOG (ID,ACTION_TIME,OBJECT_REPR,ACTION_FLAG,CONTENT_TYPE_ID,USER_ID) values ('47',to_timestamp('05/06/22 05:04:32,859433000','DD/MM/RR HH24:MI:SSXFF'),'Copiapo','1','9','0');
Insert into OLYMPUS.DJANGO_ADMIN_LOG (ID,ACTION_TIME,OBJECT_REPR,ACTION_FLAG,CONTENT_TYPE_ID,USER_ID) values ('48',to_timestamp('05/06/22 05:04:37,836513000','DD/MM/RR HH24:MI:SSXFF'),'Caldera','1','9','0');
Insert into OLYMPUS.DJANGO_ADMIN_LOG (ID,ACTION_TIME,OBJECT_REPR,ACTION_FLAG,CONTENT_TYPE_ID,USER_ID) values ('49',to_timestamp('05/06/22 05:04:42,541600000','DD/MM/RR HH24:MI:SSXFF'),'Tierra Amarilla','1','9','0');
Insert into OLYMPUS.DJANGO_ADMIN_LOG (ID,ACTION_TIME,OBJECT_REPR,ACTION_FLAG,CONTENT_TYPE_ID,USER_ID) values ('50',to_timestamp('05/06/22 05:04:48,472047000','DD/MM/RR HH24:MI:SSXFF'),'Vallenar','1','9','0');
Insert into OLYMPUS.DJANGO_ADMIN_LOG (ID,ACTION_TIME,OBJECT_REPR,ACTION_FLAG,CONTENT_TYPE_ID,USER_ID) values ('51',to_timestamp('05/06/22 05:04:56,017550000','DD/MM/RR HH24:MI:SSXFF'),'Alto del Carmen','1','9','0');
Insert into OLYMPUS.DJANGO_ADMIN_LOG (ID,ACTION_TIME,OBJECT_REPR,ACTION_FLAG,CONTENT_TYPE_ID,USER_ID) values ('52',to_timestamp('05/06/22 05:05:04,486231000','DD/MM/RR HH24:MI:SSXFF'),'Freirina','1','9','0');
Insert into OLYMPUS.DJANGO_ADMIN_LOG (ID,ACTION_TIME,OBJECT_REPR,ACTION_FLAG,CONTENT_TYPE_ID,USER_ID) values ('201',to_timestamp('05/06/22 05:34:23,566432000','DD/MM/RR HH24:MI:SSXFF'),'Talca','1','9','0');
Insert into OLYMPUS.DJANGO_ADMIN_LOG (ID,ACTION_TIME,OBJECT_REPR,ACTION_FLAG,CONTENT_TYPE_ID,USER_ID) values ('202',to_timestamp('05/06/22 05:34:27,527862000','DD/MM/RR HH24:MI:SSXFF'),'San Clemente','1','9','0');
Insert into OLYMPUS.DJANGO_ADMIN_LOG (ID,ACTION_TIME,OBJECT_REPR,ACTION_FLAG,CONTENT_TYPE_ID,USER_ID) values ('203',to_timestamp('05/06/22 05:34:31,884368000','DD/MM/RR HH24:MI:SSXFF'),'Pelarco','1','9','0');
Insert into OLYMPUS.DJANGO_ADMIN_LOG (ID,ACTION_TIME,OBJECT_REPR,ACTION_FLAG,CONTENT_TYPE_ID,USER_ID) values ('204',to_timestamp('05/06/22 05:34:35,057914000','DD/MM/RR HH24:MI:SSXFF'),'Pencahue','1','9','0');
Insert into OLYMPUS.DJANGO_ADMIN_LOG (ID,ACTION_TIME,OBJECT_REPR,ACTION_FLAG,CONTENT_TYPE_ID,USER_ID) values ('205',to_timestamp('05/06/22 05:34:39,042688000','DD/MM/RR HH24:MI:SSXFF'),'Maule','1','9','0');
Insert into OLYMPUS.DJANGO_ADMIN_LOG (ID,ACTION_TIME,OBJECT_REPR,ACTION_FLAG,CONTENT_TYPE_ID,USER_ID) values ('206',to_timestamp('05/06/22 05:34:42,364509000','DD/MM/RR HH24:MI:SSXFF'),'San Rafael','1','9','0');
Insert into OLYMPUS.DJANGO_ADMIN_LOG (ID,ACTION_TIME,OBJECT_REPR,ACTION_FLAG,CONTENT_TYPE_ID,USER_ID) values ('207',to_timestamp('05/06/22 05:34:48,425772000','DD/MM/RR HH24:MI:SSXFF'),'Curepto','1','9','0');
Insert into OLYMPUS.DJANGO_ADMIN_LOG (ID,ACTION_TIME,OBJECT_REPR,ACTION_FLAG,CONTENT_TYPE_ID,USER_ID) values ('208',to_timestamp('05/06/22 05:34:52,517269000','DD/MM/RR HH24:MI:SSXFF'),'Constitucion','1','9','0');
Insert into OLYMPUS.DJANGO_ADMIN_LOG (ID,ACTION_TIME,OBJECT_REPR,ACTION_FLAG,CONTENT_TYPE_ID,USER_ID) values ('209',to_timestamp('05/06/22 05:34:57,450909000','DD/MM/RR HH24:MI:SSXFF'),'Empedrado','1','9','0');
Insert into OLYMPUS.DJANGO_ADMIN_LOG (ID,ACTION_TIME,OBJECT_REPR,ACTION_FLAG,CONTENT_TYPE_ID,USER_ID) values ('210',to_timestamp('05/06/22 05:35:01,652744000','DD/MM/RR HH24:MI:SSXFF'),'Rio Claro','1','9','0');
Insert into OLYMPUS.DJANGO_ADMIN_LOG (ID,ACTION_TIME,OBJECT_REPR,ACTION_FLAG,CONTENT_TYPE_ID,USER_ID) values ('211',to_timestamp('05/06/22 05:35:05,174331000','DD/MM/RR HH24:MI:SSXFF'),'Linares','1','9','0');
Insert into OLYMPUS.DJANGO_ADMIN_LOG (ID,ACTION_TIME,OBJECT_REPR,ACTION_FLAG,CONTENT_TYPE_ID,USER_ID) values ('212',to_timestamp('05/06/22 05:35:09,199378000','DD/MM/RR HH24:MI:SSXFF'),'San Javier','1','9','0');
Insert into OLYMPUS.DJANGO_ADMIN_LOG (ID,ACTION_TIME,OBJECT_REPR,ACTION_FLAG,CONTENT_TYPE_ID,USER_ID) values ('213',to_timestamp('05/06/22 05:35:11,933262000','DD/MM/RR HH24:MI:SSXFF'),'Parral','1','9','0');
Insert into OLYMPUS.DJANGO_ADMIN_LOG (ID,ACTION_TIME,OBJECT_REPR,ACTION_FLAG,CONTENT_TYPE_ID,USER_ID) values ('214',to_timestamp('05/06/22 05:35:15,151506000','DD/MM/RR HH24:MI:SSXFF'),'Villa Alegre','1','9','0');
Insert into OLYMPUS.DJANGO_ADMIN_LOG (ID,ACTION_TIME,OBJECT_REPR,ACTION_FLAG,CONTENT_TYPE_ID,USER_ID) values ('215',to_timestamp('05/06/22 05:35:19,059050000','DD/MM/RR HH24:MI:SSXFF'),'Longavi','1','9','0');
Insert into OLYMPUS.DJANGO_ADMIN_LOG (ID,ACTION_TIME,OBJECT_REPR,ACTION_FLAG,CONTENT_TYPE_ID,USER_ID) values ('216',to_timestamp('05/06/22 05:35:22,935850000','DD/MM/RR HH24:MI:SSXFF'),'Colbun','1','9','0');
Insert into OLYMPUS.DJANGO_ADMIN_LOG (ID,ACTION_TIME,OBJECT_REPR,ACTION_FLAG,CONTENT_TYPE_ID,USER_ID) values ('217',to_timestamp('05/06/22 05:35:26,439708000','DD/MM/RR HH24:MI:SSXFF'),'Retiro','1','9','0');
Insert into OLYMPUS.DJANGO_ADMIN_LOG (ID,ACTION_TIME,OBJECT_REPR,ACTION_FLAG,CONTENT_TYPE_ID,USER_ID) values ('218',to_timestamp('05/06/22 05:35:31,447160000','DD/MM/RR HH24:MI:SSXFF'),'Yerbas Buenas','1','9','0');
Insert into OLYMPUS.DJANGO_ADMIN_LOG (ID,ACTION_TIME,OBJECT_REPR,ACTION_FLAG,CONTENT_TYPE_ID,USER_ID) values ('219',to_timestamp('05/06/22 05:35:35,325341000','DD/MM/RR HH24:MI:SSXFF'),'Cauquenes','1','9','0');
Insert into OLYMPUS.DJANGO_ADMIN_LOG (ID,ACTION_TIME,OBJECT_REPR,ACTION_FLAG,CONTENT_TYPE_ID,USER_ID) values ('220',to_timestamp('05/06/22 05:35:39,718467000','DD/MM/RR HH24:MI:SSXFF'),'Chanco','1','9','0');
Insert into OLYMPUS.DJANGO_ADMIN_LOG (ID,ACTION_TIME,OBJECT_REPR,ACTION_FLAG,CONTENT_TYPE_ID,USER_ID) values ('221',to_timestamp('05/06/22 05:35:43,831584000','DD/MM/RR HH24:MI:SSXFF'),'Pelluhue','1','9','0');
Insert into OLYMPUS.DJANGO_ADMIN_LOG (ID,ACTION_TIME,OBJECT_REPR,ACTION_FLAG,CONTENT_TYPE_ID,USER_ID) values ('222',to_timestamp('05/06/22 05:46:10,353061000','DD/MM/RR HH24:MI:SSXFF'),'Bulnes','1','9','0');
Insert into OLYMPUS.DJANGO_ADMIN_LOG (ID,ACTION_TIME,OBJECT_REPR,ACTION_FLAG,CONTENT_TYPE_ID,USER_ID) values ('223',to_timestamp('05/06/22 05:46:13,659285000','DD/MM/RR HH24:MI:SSXFF'),'Chillan','1','9','0');
Insert into OLYMPUS.DJANGO_ADMIN_LOG (ID,ACTION_TIME,OBJECT_REPR,ACTION_FLAG,CONTENT_TYPE_ID,USER_ID) values ('224',to_timestamp('05/06/22 05:46:17,596826000','DD/MM/RR HH24:MI:SSXFF'),'Chillan Viejo','1','9','0');
Insert into OLYMPUS.DJANGO_ADMIN_LOG (ID,ACTION_TIME,OBJECT_REPR,ACTION_FLAG,CONTENT_TYPE_ID,USER_ID) values ('225',to_timestamp('05/06/22 05:46:21,666042000','DD/MM/RR HH24:MI:SSXFF'),'El Carmen','1','9','0');
Insert into OLYMPUS.DJANGO_ADMIN_LOG (ID,ACTION_TIME,OBJECT_REPR,ACTION_FLAG,CONTENT_TYPE_ID,USER_ID) values ('226',to_timestamp('05/06/22 05:46:25,316995000','DD/MM/RR HH24:MI:SSXFF'),'Pemuco','1','9','0');
Insert into OLYMPUS.DJANGO_ADMIN_LOG (ID,ACTION_TIME,OBJECT_REPR,ACTION_FLAG,CONTENT_TYPE_ID,USER_ID) values ('227',to_timestamp('05/06/22 05:46:30,843423000','DD/MM/RR HH24:MI:SSXFF'),'Pinto','1','9','0');
Insert into OLYMPUS.DJANGO_ADMIN_LOG (ID,ACTION_TIME,OBJECT_REPR,ACTION_FLAG,CONTENT_TYPE_ID,USER_ID) values ('228',to_timestamp('05/06/22 05:46:36,433122000','DD/MM/RR HH24:MI:SSXFF'),'Quillon','1','9','0');
Insert into OLYMPUS.DJANGO_ADMIN_LOG (ID,ACTION_TIME,OBJECT_REPR,ACTION_FLAG,CONTENT_TYPE_ID,USER_ID) values ('229',to_timestamp('05/06/22 05:46:40,626439000','DD/MM/RR HH24:MI:SSXFF'),'San Ignacio','1','9','0');
Insert into OLYMPUS.DJANGO_ADMIN_LOG (ID,ACTION_TIME,OBJECT_REPR,ACTION_FLAG,CONTENT_TYPE_ID,USER_ID) values ('230',to_timestamp('05/06/22 05:46:44,721888000','DD/MM/RR HH24:MI:SSXFF'),'Yungay','1','9','0');
Insert into OLYMPUS.DJANGO_ADMIN_LOG (ID,ACTION_TIME,OBJECT_REPR,ACTION_FLAG,CONTENT_TYPE_ID,USER_ID) values ('231',to_timestamp('05/06/22 05:46:48,397900000','DD/MM/RR HH24:MI:SSXFF'),'Cobquecura','1','9','0');
Insert into OLYMPUS.DJANGO_ADMIN_LOG (ID,ACTION_TIME,OBJECT_REPR,ACTION_FLAG,CONTENT_TYPE_ID,USER_ID) values ('232',to_timestamp('05/06/22 05:46:52,204428000','DD/MM/RR HH24:MI:SSXFF'),'Coelemu','1','9','0');
Insert into OLYMPUS.DJANGO_ADMIN_LOG (ID,ACTION_TIME,OBJECT_REPR,ACTION_FLAG,CONTENT_TYPE_ID,USER_ID) values ('233',to_timestamp('05/06/22 05:46:56,579291000','DD/MM/RR HH24:MI:SSXFF'),'Ninhue','1','9','0');
Insert into OLYMPUS.DJANGO_ADMIN_LOG (ID,ACTION_TIME,OBJECT_REPR,ACTION_FLAG,CONTENT_TYPE_ID,USER_ID) values ('234',to_timestamp('05/06/22 05:47:00,765547000','DD/MM/RR HH24:MI:SSXFF'),'Portezuelo','1','9','0');
Insert into OLYMPUS.DJANGO_ADMIN_LOG (ID,ACTION_TIME,OBJECT_REPR,ACTION_FLAG,CONTENT_TYPE_ID,USER_ID) values ('235',to_timestamp('05/06/22 05:47:04,110488000','DD/MM/RR HH24:MI:SSXFF'),'Quirihue','1','9','0');
Insert into OLYMPUS.DJANGO_ADMIN_LOG (ID,ACTION_TIME,OBJECT_REPR,ACTION_FLAG,CONTENT_TYPE_ID,USER_ID) values ('236',to_timestamp('05/06/22 05:47:07,653993000','DD/MM/RR HH24:MI:SSXFF'),'Ranquil','1','9','0');
Insert into OLYMPUS.DJANGO_ADMIN_LOG (ID,ACTION_TIME,OBJECT_REPR,ACTION_FLAG,CONTENT_TYPE_ID,USER_ID) values ('237',to_timestamp('05/06/22 05:47:12,112708000','DD/MM/RR HH24:MI:SSXFF'),'Treguaco','1','9','0');
Insert into OLYMPUS.DJANGO_ADMIN_LOG (ID,ACTION_TIME,OBJECT_REPR,ACTION_FLAG,CONTENT_TYPE_ID,USER_ID) values ('238',to_timestamp('05/06/22 05:47:16,083282000','DD/MM/RR HH24:MI:SSXFF'),'San Carlos','1','9','0');
Insert into OLYMPUS.DJANGO_ADMIN_LOG (ID,ACTION_TIME,OBJECT_REPR,ACTION_FLAG,CONTENT_TYPE_ID,USER_ID) values ('239',to_timestamp('05/06/22 05:47:19,458626000','DD/MM/RR HH24:MI:SSXFF'),'Coihueco','1','9','0');
Insert into OLYMPUS.DJANGO_ADMIN_LOG (ID,ACTION_TIME,OBJECT_REPR,ACTION_FLAG,CONTENT_TYPE_ID,USER_ID) values ('240',to_timestamp('05/06/22 05:47:23,192985000','DD/MM/RR HH24:MI:SSXFF'),'San Nicolas','1','9','0');
Insert into OLYMPUS.DJANGO_ADMIN_LOG (ID,ACTION_TIME,OBJECT_REPR,ACTION_FLAG,CONTENT_TYPE_ID,USER_ID) values ('241',to_timestamp('05/06/22 05:47:26,621809000','DD/MM/RR HH24:MI:SSXFF'),'niiquen','1','9','0');
Insert into OLYMPUS.DJANGO_ADMIN_LOG (ID,ACTION_TIME,OBJECT_REPR,ACTION_FLAG,CONTENT_TYPE_ID,USER_ID) values ('242',to_timestamp('05/06/22 05:47:31,074807000','DD/MM/RR HH24:MI:SSXFF'),'San Fabian','1','9','0');
Insert into OLYMPUS.DJANGO_ADMIN_LOG (ID,ACTION_TIME,OBJECT_REPR,ACTION_FLAG,CONTENT_TYPE_ID,USER_ID) values ('243',to_timestamp('05/06/22 05:48:05,411212000','DD/MM/RR HH24:MI:SSXFF'),'Alto Biobio','1','9','0');
Insert into OLYMPUS.DJANGO_ADMIN_LOG (ID,ACTION_TIME,OBJECT_REPR,ACTION_FLAG,CONTENT_TYPE_ID,USER_ID) values ('244',to_timestamp('05/06/22 05:48:08,565486000','DD/MM/RR HH24:MI:SSXFF'),'Antuco','1','9','0');
Insert into OLYMPUS.DJANGO_ADMIN_LOG (ID,ACTION_TIME,OBJECT_REPR,ACTION_FLAG,CONTENT_TYPE_ID,USER_ID) values ('245',to_timestamp('05/06/22 05:48:11,464020000','DD/MM/RR HH24:MI:SSXFF'),'Cabrero','1','9','0');
Insert into OLYMPUS.DJANGO_ADMIN_LOG (ID,ACTION_TIME,OBJECT_REPR,ACTION_FLAG,CONTENT_TYPE_ID,USER_ID) values ('246',to_timestamp('05/06/22 05:48:14,463631000','DD/MM/RR HH24:MI:SSXFF'),'Laja','1','9','0');
Insert into OLYMPUS.DJANGO_ADMIN_LOG (ID,ACTION_TIME,OBJECT_REPR,ACTION_FLAG,CONTENT_TYPE_ID,USER_ID) values ('247',to_timestamp('05/06/22 05:48:18,488654000','DD/MM/RR HH24:MI:SSXFF'),'Los angeles','1','9','0');
Insert into OLYMPUS.DJANGO_ADMIN_LOG (ID,ACTION_TIME,OBJECT_REPR,ACTION_FLAG,CONTENT_TYPE_ID,USER_ID) values ('248',to_timestamp('05/06/22 05:48:21,528043000','DD/MM/RR HH24:MI:SSXFF'),'Mulchen','1','9','0');
Insert into OLYMPUS.DJANGO_ADMIN_LOG (ID,ACTION_TIME,OBJECT_REPR,ACTION_FLAG,CONTENT_TYPE_ID,USER_ID) values ('249',to_timestamp('05/06/22 05:48:26,748596000','DD/MM/RR HH24:MI:SSXFF'),'Nacimiento','1','9','0');
Insert into OLYMPUS.DJANGO_ADMIN_LOG (ID,ACTION_TIME,OBJECT_REPR,ACTION_FLAG,CONTENT_TYPE_ID,USER_ID) values ('53',to_timestamp('05/06/22 05:05:10,279962000','DD/MM/RR HH24:MI:SSXFF'),'Huasco','1','9','0');
Insert into OLYMPUS.DJANGO_ADMIN_LOG (ID,ACTION_TIME,OBJECT_REPR,ACTION_FLAG,CONTENT_TYPE_ID,USER_ID) values ('54',to_timestamp('05/06/22 05:05:29,319505000','DD/MM/RR HH24:MI:SSXFF'),'La Serena','1','9','0');
Insert into OLYMPUS.DJANGO_ADMIN_LOG (ID,ACTION_TIME,OBJECT_REPR,ACTION_FLAG,CONTENT_TYPE_ID,USER_ID) values ('55',to_timestamp('05/06/22 05:05:34,652878000','DD/MM/RR HH24:MI:SSXFF'),'Coquimbo','1','9','0');
Insert into OLYMPUS.DJANGO_ADMIN_LOG (ID,ACTION_TIME,OBJECT_REPR,ACTION_FLAG,CONTENT_TYPE_ID,USER_ID) values ('56',to_timestamp('05/06/22 05:05:45,896512000','DD/MM/RR HH24:MI:SSXFF'),'Andacollo','1','9','0');
Insert into OLYMPUS.DJANGO_ADMIN_LOG (ID,ACTION_TIME,OBJECT_REPR,ACTION_FLAG,CONTENT_TYPE_ID,USER_ID) values ('57',to_timestamp('05/06/22 05:05:51,556373000','DD/MM/RR HH24:MI:SSXFF'),'La Higuera','1','9','0');
Insert into OLYMPUS.DJANGO_ADMIN_LOG (ID,ACTION_TIME,OBJECT_REPR,ACTION_FLAG,CONTENT_TYPE_ID,USER_ID) values ('58',to_timestamp('05/06/22 05:06:08,328856000','DD/MM/RR HH24:MI:SSXFF'),'Paihuano','1','9','0');
Insert into OLYMPUS.DJANGO_ADMIN_LOG (ID,ACTION_TIME,OBJECT_REPR,ACTION_FLAG,CONTENT_TYPE_ID,USER_ID) values ('59',to_timestamp('05/06/22 05:06:13,220496000','DD/MM/RR HH24:MI:SSXFF'),'Vicunia','1','9','0');
Insert into OLYMPUS.DJANGO_ADMIN_LOG (ID,ACTION_TIME,OBJECT_REPR,ACTION_FLAG,CONTENT_TYPE_ID,USER_ID) values ('60',to_timestamp('05/06/22 05:06:18,502057000','DD/MM/RR HH24:MI:SSXFF'),'Ovalle','1','9','0');
Insert into OLYMPUS.DJANGO_ADMIN_LOG (ID,ACTION_TIME,OBJECT_REPR,ACTION_FLAG,CONTENT_TYPE_ID,USER_ID) values ('61',to_timestamp('05/06/22 05:06:23,545570000','DD/MM/RR HH24:MI:SSXFF'),'Combarbala','1','9','0');
Insert into OLYMPUS.DJANGO_ADMIN_LOG (ID,ACTION_TIME,OBJECT_REPR,ACTION_FLAG,CONTENT_TYPE_ID,USER_ID) values ('62',to_timestamp('05/06/22 05:06:31,538591000','DD/MM/RR HH24:MI:SSXFF'),'Monte Patria','1','9','0');
Insert into OLYMPUS.DJANGO_ADMIN_LOG (ID,ACTION_TIME,OBJECT_REPR,ACTION_FLAG,CONTENT_TYPE_ID,USER_ID) values ('63',to_timestamp('05/06/22 05:06:37,169110000','DD/MM/RR HH24:MI:SSXFF'),'Punitaqui','1','9','0');
Insert into OLYMPUS.DJANGO_ADMIN_LOG (ID,ACTION_TIME,OBJECT_REPR,ACTION_FLAG,CONTENT_TYPE_ID,USER_ID) values ('64',to_timestamp('05/06/22 05:06:42,488215000','DD/MM/RR HH24:MI:SSXFF'),'Rio Hurtado','1','9','0');
Insert into OLYMPUS.DJANGO_ADMIN_LOG (ID,ACTION_TIME,OBJECT_REPR,ACTION_FLAG,CONTENT_TYPE_ID,USER_ID) values ('65',to_timestamp('05/06/22 05:06:47,315927000','DD/MM/RR HH24:MI:SSXFF'),'Illapel','1','9','0');
Insert into OLYMPUS.DJANGO_ADMIN_LOG (ID,ACTION_TIME,OBJECT_REPR,ACTION_FLAG,CONTENT_TYPE_ID,USER_ID) values ('66',to_timestamp('05/06/22 05:06:52,622567000','DD/MM/RR HH24:MI:SSXFF'),'Canela','1','9','0');
Insert into OLYMPUS.DJANGO_ADMIN_LOG (ID,ACTION_TIME,OBJECT_REPR,ACTION_FLAG,CONTENT_TYPE_ID,USER_ID) values ('67',to_timestamp('05/06/22 05:06:57,454907000','DD/MM/RR HH24:MI:SSXFF'),'Los Vilos','1','9','0');
Insert into OLYMPUS.DJANGO_ADMIN_LOG (ID,ACTION_TIME,OBJECT_REPR,ACTION_FLAG,CONTENT_TYPE_ID,USER_ID) values ('68',to_timestamp('05/06/22 05:07:02,360671000','DD/MM/RR HH24:MI:SSXFF'),'Salamanca','1','9','0');
Insert into OLYMPUS.DJANGO_ADMIN_LOG (ID,ACTION_TIME,OBJECT_REPR,ACTION_FLAG,CONTENT_TYPE_ID,USER_ID) values ('69',to_timestamp('05/06/22 05:12:40,339736000','DD/MM/RR HH24:MI:SSXFF'),'La Ligua','1','9','0');
Insert into OLYMPUS.DJANGO_ADMIN_LOG (ID,ACTION_TIME,OBJECT_REPR,ACTION_FLAG,CONTENT_TYPE_ID,USER_ID) values ('70',to_timestamp('05/06/22 05:12:45,212343000','DD/MM/RR HH24:MI:SSXFF'),'Cabildo','1','9','0');
Insert into OLYMPUS.DJANGO_ADMIN_LOG (ID,ACTION_TIME,OBJECT_REPR,ACTION_FLAG,CONTENT_TYPE_ID,USER_ID) values ('71',to_timestamp('05/06/22 05:12:52,098653000','DD/MM/RR HH24:MI:SSXFF'),'Zapallar','1','9','0');
Insert into OLYMPUS.DJANGO_ADMIN_LOG (ID,ACTION_TIME,OBJECT_REPR,ACTION_FLAG,CONTENT_TYPE_ID,USER_ID) values ('72',to_timestamp('05/06/22 05:12:56,318837000','DD/MM/RR HH24:MI:SSXFF'),'Papudo','1','9','0');
Insert into OLYMPUS.DJANGO_ADMIN_LOG (ID,ACTION_TIME,OBJECT_REPR,ACTION_FLAG,CONTENT_TYPE_ID,USER_ID) values ('73',to_timestamp('05/06/22 05:13:05,567408000','DD/MM/RR HH24:MI:SSXFF'),'Petorca','1','9','0');
Insert into OLYMPUS.DJANGO_ADMIN_LOG (ID,ACTION_TIME,OBJECT_REPR,ACTION_FLAG,CONTENT_TYPE_ID,USER_ID) values ('74',to_timestamp('05/06/22 05:13:10,461217000','DD/MM/RR HH24:MI:SSXFF'),'Los Andes','1','9','0');
Insert into OLYMPUS.DJANGO_ADMIN_LOG (ID,ACTION_TIME,OBJECT_REPR,ACTION_FLAG,CONTENT_TYPE_ID,USER_ID) values ('75',to_timestamp('05/06/22 05:13:16,214354000','DD/MM/RR HH24:MI:SSXFF'),'San Esteban','1','9','0');
Insert into OLYMPUS.DJANGO_ADMIN_LOG (ID,ACTION_TIME,OBJECT_REPR,ACTION_FLAG,CONTENT_TYPE_ID,USER_ID) values ('76',to_timestamp('05/06/22 05:13:35,073916000','DD/MM/RR HH24:MI:SSXFF'),'Calle Larga','1','9','0');
Insert into OLYMPUS.DJANGO_ADMIN_LOG (ID,ACTION_TIME,OBJECT_REPR,ACTION_FLAG,CONTENT_TYPE_ID,USER_ID) values ('77',to_timestamp('05/06/22 05:14:22,738124000','DD/MM/RR HH24:MI:SSXFF'),'Rinconada','1','9','0');
Insert into OLYMPUS.DJANGO_ADMIN_LOG (ID,ACTION_TIME,OBJECT_REPR,ACTION_FLAG,CONTENT_TYPE_ID,USER_ID) values ('78',to_timestamp('05/06/22 05:14:30,368237000','DD/MM/RR HH24:MI:SSXFF'),'San Felipe','1','9','0');
Insert into OLYMPUS.DJANGO_ADMIN_LOG (ID,ACTION_TIME,OBJECT_REPR,ACTION_FLAG,CONTENT_TYPE_ID,USER_ID) values ('79',to_timestamp('05/06/22 05:14:36,920404000','DD/MM/RR HH24:MI:SSXFF'),'Llaillay','1','9','0');
Insert into OLYMPUS.DJANGO_ADMIN_LOG (ID,ACTION_TIME,OBJECT_REPR,ACTION_FLAG,CONTENT_TYPE_ID,USER_ID) values ('80',to_timestamp('05/06/22 05:14:40,945489000','DD/MM/RR HH24:MI:SSXFF'),'Putaendo','1','9','0');
Insert into OLYMPUS.DJANGO_ADMIN_LOG (ID,ACTION_TIME,OBJECT_REPR,ACTION_FLAG,CONTENT_TYPE_ID,USER_ID) values ('81',to_timestamp('05/06/22 05:14:46,753728000','DD/MM/RR HH24:MI:SSXFF'),'Santa Maria','1','9','0');
Insert into OLYMPUS.DJANGO_ADMIN_LOG (ID,ACTION_TIME,OBJECT_REPR,ACTION_FLAG,CONTENT_TYPE_ID,USER_ID) values ('82',to_timestamp('05/06/22 05:15:51,171800000','DD/MM/RR HH24:MI:SSXFF'),'Catemu','1','9','0');
Insert into OLYMPUS.DJANGO_ADMIN_LOG (ID,ACTION_TIME,OBJECT_REPR,ACTION_FLAG,CONTENT_TYPE_ID,USER_ID) values ('83',to_timestamp('05/06/22 05:15:56,009347000','DD/MM/RR HH24:MI:SSXFF'),'Panquehue','1','9','0');
Insert into OLYMPUS.DJANGO_ADMIN_LOG (ID,ACTION_TIME,OBJECT_REPR,ACTION_FLAG,CONTENT_TYPE_ID,USER_ID) values ('84',to_timestamp('05/06/22 05:16:01,251678000','DD/MM/RR HH24:MI:SSXFF'),'Quillota','1','9','0');
Insert into OLYMPUS.DJANGO_ADMIN_LOG (ID,ACTION_TIME,OBJECT_REPR,ACTION_FLAG,CONTENT_TYPE_ID,USER_ID) values ('85',to_timestamp('05/06/22 05:16:06,314636000','DD/MM/RR HH24:MI:SSXFF'),'La Cruz','1','9','0');
Insert into OLYMPUS.DJANGO_ADMIN_LOG (ID,ACTION_TIME,OBJECT_REPR,ACTION_FLAG,CONTENT_TYPE_ID,USER_ID) values ('86',to_timestamp('05/06/22 05:16:11,001483000','DD/MM/RR HH24:MI:SSXFF'),'La Calera','1','9','0');
Insert into OLYMPUS.DJANGO_ADMIN_LOG (ID,ACTION_TIME,OBJECT_REPR,ACTION_FLAG,CONTENT_TYPE_ID,USER_ID) values ('87',to_timestamp('05/06/22 05:16:16,602010000','DD/MM/RR HH24:MI:SSXFF'),'Nogales','1','9','0');
Insert into OLYMPUS.DJANGO_ADMIN_LOG (ID,ACTION_TIME,OBJECT_REPR,ACTION_FLAG,CONTENT_TYPE_ID,USER_ID) values ('88',to_timestamp('05/06/22 05:16:22,127615000','DD/MM/RR HH24:MI:SSXFF'),'Hijuelas','1','9','0');
Insert into OLYMPUS.DJANGO_ADMIN_LOG (ID,ACTION_TIME,OBJECT_REPR,ACTION_FLAG,CONTENT_TYPE_ID,USER_ID) values ('89',to_timestamp('05/06/22 05:16:26,978928000','DD/MM/RR HH24:MI:SSXFF'),'Valparaiso','1','9','0');
Insert into OLYMPUS.DJANGO_ADMIN_LOG (ID,ACTION_TIME,OBJECT_REPR,ACTION_FLAG,CONTENT_TYPE_ID,USER_ID) values ('90',to_timestamp('05/06/22 05:16:32,391820000','DD/MM/RR HH24:MI:SSXFF'),'Vinia del Mar','1','9','0');
Insert into OLYMPUS.DJANGO_ADMIN_LOG (ID,ACTION_TIME,OBJECT_REPR,ACTION_FLAG,CONTENT_TYPE_ID,USER_ID) values ('91',to_timestamp('05/06/22 05:16:38,337593000','DD/MM/RR HH24:MI:SSXFF'),'Concon','1','9','0');
Insert into OLYMPUS.DJANGO_ADMIN_LOG (ID,ACTION_TIME,OBJECT_REPR,ACTION_FLAG,CONTENT_TYPE_ID,USER_ID) values ('92',to_timestamp('05/06/22 05:16:42,202551000','DD/MM/RR HH24:MI:SSXFF'),'Quintero','1','9','0');
Insert into OLYMPUS.DJANGO_ADMIN_LOG (ID,ACTION_TIME,OBJECT_REPR,ACTION_FLAG,CONTENT_TYPE_ID,USER_ID) values ('93',to_timestamp('05/06/22 05:16:46,159669000','DD/MM/RR HH24:MI:SSXFF'),'Puchuncavi','1','9','0');
Insert into OLYMPUS.DJANGO_ADMIN_LOG (ID,ACTION_TIME,OBJECT_REPR,ACTION_FLAG,CONTENT_TYPE_ID,USER_ID) values ('94',to_timestamp('05/06/22 05:16:50,759300000','DD/MM/RR HH24:MI:SSXFF'),'Casablanca','1','9','0');
Insert into OLYMPUS.DJANGO_ADMIN_LOG (ID,ACTION_TIME,OBJECT_REPR,ACTION_FLAG,CONTENT_TYPE_ID,USER_ID) values ('95',to_timestamp('05/06/22 05:16:56,280387000','DD/MM/RR HH24:MI:SSXFF'),'Juan Fernandez','1','9','0');
Insert into OLYMPUS.DJANGO_ADMIN_LOG (ID,ACTION_TIME,OBJECT_REPR,ACTION_FLAG,CONTENT_TYPE_ID,USER_ID) values ('96',to_timestamp('05/06/22 05:17:01,520419000','DD/MM/RR HH24:MI:SSXFF'),'San Antonio','1','9','0');
Insert into OLYMPUS.DJANGO_ADMIN_LOG (ID,ACTION_TIME,OBJECT_REPR,ACTION_FLAG,CONTENT_TYPE_ID,USER_ID) values ('97',to_timestamp('05/06/22 05:17:08,263800000','DD/MM/RR HH24:MI:SSXFF'),'Cartagena','1','9','0');
Insert into OLYMPUS.DJANGO_ADMIN_LOG (ID,ACTION_TIME,OBJECT_REPR,ACTION_FLAG,CONTENT_TYPE_ID,USER_ID) values ('98',to_timestamp('05/06/22 05:17:13,817735000','DD/MM/RR HH24:MI:SSXFF'),'El Tabo','1','9','0');
Insert into OLYMPUS.DJANGO_ADMIN_LOG (ID,ACTION_TIME,OBJECT_REPR,ACTION_FLAG,CONTENT_TYPE_ID,USER_ID) values ('99',to_timestamp('05/06/22 05:17:20,231000000','DD/MM/RR HH24:MI:SSXFF'),'El Quisco','1','9','0');
Insert into OLYMPUS.DJANGO_ADMIN_LOG (ID,ACTION_TIME,OBJECT_REPR,ACTION_FLAG,CONTENT_TYPE_ID,USER_ID) values ('100',to_timestamp('05/06/22 05:17:27,784114000','DD/MM/RR HH24:MI:SSXFF'),'Algarrobo','1','9','0');
Insert into OLYMPUS.DJANGO_ADMIN_LOG (ID,ACTION_TIME,OBJECT_REPR,ACTION_FLAG,CONTENT_TYPE_ID,USER_ID) values ('101',to_timestamp('05/06/22 05:17:33,557043000','DD/MM/RR HH24:MI:SSXFF'),'Santo Domingo','1','9','0');
Insert into OLYMPUS.DJANGO_ADMIN_LOG (ID,ACTION_TIME,OBJECT_REPR,ACTION_FLAG,CONTENT_TYPE_ID,USER_ID) values ('102',to_timestamp('05/06/22 05:17:38,756373000','DD/MM/RR HH24:MI:SSXFF'),'Isla de Pascua','1','9','0');
Insert into OLYMPUS.DJANGO_ADMIN_LOG (ID,ACTION_TIME,OBJECT_REPR,ACTION_FLAG,CONTENT_TYPE_ID,USER_ID) values ('103',to_timestamp('05/06/22 05:17:44,023469000','DD/MM/RR HH24:MI:SSXFF'),'Quilpue','1','9','0');
Insert into OLYMPUS.DJANGO_ADMIN_LOG (ID,ACTION_TIME,OBJECT_REPR,ACTION_FLAG,CONTENT_TYPE_ID,USER_ID) values ('104',to_timestamp('05/06/22 05:17:49,678406000','DD/MM/RR HH24:MI:SSXFF'),'Limache','1','9','0');
Insert into OLYMPUS.DJANGO_ADMIN_LOG (ID,ACTION_TIME,OBJECT_REPR,ACTION_FLAG,CONTENT_TYPE_ID,USER_ID) values ('105',to_timestamp('05/06/22 05:17:54,338853000','DD/MM/RR HH24:MI:SSXFF'),'Olmue','1','9','0');
Insert into OLYMPUS.DJANGO_ADMIN_LOG (ID,ACTION_TIME,OBJECT_REPR,ACTION_FLAG,CONTENT_TYPE_ID,USER_ID) values ('106',to_timestamp('05/06/22 05:17:59,163808000','DD/MM/RR HH24:MI:SSXFF'),'Villa Alemana','1','9','0');
Insert into OLYMPUS.DJANGO_ADMIN_LOG (ID,ACTION_TIME,OBJECT_REPR,ACTION_FLAG,CONTENT_TYPE_ID,USER_ID) values ('107',to_timestamp('05/06/22 05:18:05,219071000','DD/MM/RR HH24:MI:SSXFF'),'Colina','1','9','0');
Insert into OLYMPUS.DJANGO_ADMIN_LOG (ID,ACTION_TIME,OBJECT_REPR,ACTION_FLAG,CONTENT_TYPE_ID,USER_ID) values ('108',to_timestamp('05/06/22 05:18:14,363618000','DD/MM/RR HH24:MI:SSXFF'),'Lampa','1','9','0');
Insert into OLYMPUS.DJANGO_ADMIN_LOG (ID,ACTION_TIME,OBJECT_REPR,ACTION_FLAG,CONTENT_TYPE_ID,USER_ID) values ('109',to_timestamp('05/06/22 05:18:20,854209000','DD/MM/RR HH24:MI:SSXFF'),'Tiltil','1','9','0');
Insert into OLYMPUS.DJANGO_ADMIN_LOG (ID,ACTION_TIME,OBJECT_REPR,ACTION_FLAG,CONTENT_TYPE_ID,USER_ID) values ('110',to_timestamp('05/06/22 05:18:25,908975000','DD/MM/RR HH24:MI:SSXFF'),'Santiago','1','9','0');
Insert into OLYMPUS.DJANGO_ADMIN_LOG (ID,ACTION_TIME,OBJECT_REPR,ACTION_FLAG,CONTENT_TYPE_ID,USER_ID) values ('111',to_timestamp('05/06/22 05:18:30,147458000','DD/MM/RR HH24:MI:SSXFF'),'Vitacura','1','9','0');
Insert into OLYMPUS.DJANGO_ADMIN_LOG (ID,ACTION_TIME,OBJECT_REPR,ACTION_FLAG,CONTENT_TYPE_ID,USER_ID) values ('112',to_timestamp('05/06/22 05:18:34,644902000','DD/MM/RR HH24:MI:SSXFF'),'San Ramon','1','9','0');
Insert into OLYMPUS.DJANGO_ADMIN_LOG (ID,ACTION_TIME,OBJECT_REPR,ACTION_FLAG,CONTENT_TYPE_ID,USER_ID) values ('113',to_timestamp('05/06/22 05:18:40,120961000','DD/MM/RR HH24:MI:SSXFF'),'San Miguel','1','9','0');
Insert into OLYMPUS.DJANGO_ADMIN_LOG (ID,ACTION_TIME,OBJECT_REPR,ACTION_FLAG,CONTENT_TYPE_ID,USER_ID) values ('114',to_timestamp('05/06/22 05:18:45,236681000','DD/MM/RR HH24:MI:SSXFF'),'San Joaquin','1','9','0');
Insert into OLYMPUS.DJANGO_ADMIN_LOG (ID,ACTION_TIME,OBJECT_REPR,ACTION_FLAG,CONTENT_TYPE_ID,USER_ID) values ('115',to_timestamp('05/06/22 05:18:49,996546000','DD/MM/RR HH24:MI:SSXFF'),'Renca','1','9','0');
Insert into OLYMPUS.DJANGO_ADMIN_LOG (ID,ACTION_TIME,OBJECT_REPR,ACTION_FLAG,CONTENT_TYPE_ID,USER_ID) values ('116',to_timestamp('05/06/22 05:18:56,079149000','DD/MM/RR HH24:MI:SSXFF'),'Recoleta','1','9','0');
Insert into OLYMPUS.DJANGO_ADMIN_LOG (ID,ACTION_TIME,OBJECT_REPR,ACTION_FLAG,CONTENT_TYPE_ID,USER_ID) values ('117',to_timestamp('05/06/22 05:19:00,123012000','DD/MM/RR HH24:MI:SSXFF'),'Quinta Normal','1','9','0');
Insert into OLYMPUS.DJANGO_ADMIN_LOG (ID,ACTION_TIME,OBJECT_REPR,ACTION_FLAG,CONTENT_TYPE_ID,USER_ID) values ('118',to_timestamp('05/06/22 05:19:04,955421000','DD/MM/RR HH24:MI:SSXFF'),'Quilicura','1','9','0');
Insert into OLYMPUS.DJANGO_ADMIN_LOG (ID,ACTION_TIME,OBJECT_REPR,ACTION_FLAG,CONTENT_TYPE_ID,USER_ID) values ('119',to_timestamp('05/06/22 05:19:10,018418000','DD/MM/RR HH24:MI:SSXFF'),'Pudahuel','1','9','0');
Insert into OLYMPUS.DJANGO_ADMIN_LOG (ID,ACTION_TIME,OBJECT_REPR,ACTION_FLAG,CONTENT_TYPE_ID,USER_ID) values ('120',to_timestamp('05/06/22 05:19:15,336206000','DD/MM/RR HH24:MI:SSXFF'),'Providencia','1','9','0');
Insert into OLYMPUS.DJANGO_ADMIN_LOG (ID,ACTION_TIME,OBJECT_REPR,ACTION_FLAG,CONTENT_TYPE_ID,USER_ID) values ('121',to_timestamp('05/06/22 05:19:24,966992000','DD/MM/RR HH24:MI:SSXFF'),'Penialolen','1','9','0');
Insert into OLYMPUS.DJANGO_ADMIN_LOG (ID,ACTION_TIME,OBJECT_REPR,ACTION_FLAG,CONTENT_TYPE_ID,USER_ID) values ('122',to_timestamp('05/06/22 05:19:30,570117000','DD/MM/RR HH24:MI:SSXFF'),'Pedro Aguirre Cerda','1','9','0');
Insert into OLYMPUS.DJANGO_ADMIN_LOG (ID,ACTION_TIME,OBJECT_REPR,ACTION_FLAG,CONTENT_TYPE_ID,USER_ID) values ('123',to_timestamp('05/06/22 05:19:35,103079000','DD/MM/RR HH24:MI:SSXFF'),'niunioa','1','9','0');
Insert into OLYMPUS.DJANGO_ADMIN_LOG (ID,ACTION_TIME,OBJECT_REPR,ACTION_FLAG,CONTENT_TYPE_ID,USER_ID) values ('124',to_timestamp('05/06/22 05:19:39,613030000','DD/MM/RR HH24:MI:SSXFF'),'Maipu','1','9','0');
Insert into OLYMPUS.DJANGO_ADMIN_LOG (ID,ACTION_TIME,OBJECT_REPR,ACTION_FLAG,CONTENT_TYPE_ID,USER_ID) values ('125',to_timestamp('05/06/22 05:19:44,167541000','DD/MM/RR HH24:MI:SSXFF'),'Macul','1','9','0');
Insert into OLYMPUS.DJANGO_ADMIN_LOG (ID,ACTION_TIME,OBJECT_REPR,ACTION_FLAG,CONTENT_TYPE_ID,USER_ID) values ('126',to_timestamp('05/06/22 05:19:49,352814000','DD/MM/RR HH24:MI:SSXFF'),'Lo Prado','1','9','0');
Insert into OLYMPUS.DJANGO_ADMIN_LOG (ID,ACTION_TIME,OBJECT_REPR,ACTION_FLAG,CONTENT_TYPE_ID,USER_ID) values ('127',to_timestamp('05/06/22 05:19:53,549188000','DD/MM/RR HH24:MI:SSXFF'),'Lo Espejo','1','9','0');
Insert into OLYMPUS.DJANGO_ADMIN_LOG (ID,ACTION_TIME,OBJECT_REPR,ACTION_FLAG,CONTENT_TYPE_ID,USER_ID) values ('128',to_timestamp('05/06/22 05:20:02,719792000','DD/MM/RR HH24:MI:SSXFF'),'Lo Barnechea','1','9','0');
Insert into OLYMPUS.DJANGO_ADMIN_LOG (ID,ACTION_TIME,OBJECT_REPR,ACTION_FLAG,CONTENT_TYPE_ID,USER_ID) values ('129',to_timestamp('05/06/22 05:20:09,419678000','DD/MM/RR HH24:MI:SSXFF'),'Las Condes','1','9','0');
Insert into OLYMPUS.DJANGO_ADMIN_LOG (ID,ACTION_TIME,OBJECT_REPR,ACTION_FLAG,CONTENT_TYPE_ID,USER_ID) values ('130',to_timestamp('05/06/22 05:20:15,375791000','DD/MM/RR HH24:MI:SSXFF'),'La Reina','1','9','0');
Insert into OLYMPUS.DJANGO_ADMIN_LOG (ID,ACTION_TIME,OBJECT_REPR,ACTION_FLAG,CONTENT_TYPE_ID,USER_ID) values ('131',to_timestamp('05/06/22 05:20:21,864780000','DD/MM/RR HH24:MI:SSXFF'),'La Pintana','1','9','0');
Insert into OLYMPUS.DJANGO_ADMIN_LOG (ID,ACTION_TIME,OBJECT_REPR,ACTION_FLAG,CONTENT_TYPE_ID,USER_ID) values ('132',to_timestamp('05/06/22 05:20:28,233902000','DD/MM/RR HH24:MI:SSXFF'),'La Granja','1','9','0');
Insert into OLYMPUS.DJANGO_ADMIN_LOG (ID,ACTION_TIME,OBJECT_REPR,ACTION_FLAG,CONTENT_TYPE_ID,USER_ID) values ('133',to_timestamp('05/06/22 05:20:33,077059000','DD/MM/RR HH24:MI:SSXFF'),'La Florida','1','9','0');
Insert into OLYMPUS.DJANGO_ADMIN_LOG (ID,ACTION_TIME,OBJECT_REPR,ACTION_FLAG,CONTENT_TYPE_ID,USER_ID) values ('134',to_timestamp('05/06/22 05:20:38,820049000','DD/MM/RR HH24:MI:SSXFF'),'La Cisterna','1','9','0');
Insert into OLYMPUS.DJANGO_ADMIN_LOG (ID,ACTION_TIME,OBJECT_REPR,ACTION_FLAG,CONTENT_TYPE_ID,USER_ID) values ('135',to_timestamp('05/06/22 05:20:43,581500000','DD/MM/RR HH24:MI:SSXFF'),'Independencia','1','9','0');
Insert into OLYMPUS.DJANGO_ADMIN_LOG (ID,ACTION_TIME,OBJECT_REPR,ACTION_FLAG,CONTENT_TYPE_ID,USER_ID) values ('136',to_timestamp('05/06/22 05:20:48,318803000','DD/MM/RR HH24:MI:SSXFF'),'Huechuraba','1','9','0');
Insert into OLYMPUS.DJANGO_ADMIN_LOG (ID,ACTION_TIME,OBJECT_REPR,ACTION_FLAG,CONTENT_TYPE_ID,USER_ID) values ('137',to_timestamp('05/06/22 05:20:53,393488000','DD/MM/RR HH24:MI:SSXFF'),'Estacion Central','1','9','0');
Insert into OLYMPUS.DJANGO_ADMIN_LOG (ID,ACTION_TIME,OBJECT_REPR,ACTION_FLAG,CONTENT_TYPE_ID,USER_ID) values ('138',to_timestamp('05/06/22 05:20:58,143582000','DD/MM/RR HH24:MI:SSXFF'),'El Bosque','1','9','0');
Insert into OLYMPUS.DJANGO_ADMIN_LOG (ID,ACTION_TIME,OBJECT_REPR,ACTION_FLAG,CONTENT_TYPE_ID,USER_ID) values ('139',to_timestamp('05/06/22 05:21:03,056877000','DD/MM/RR HH24:MI:SSXFF'),'Conchali','1','9','0');
Insert into OLYMPUS.DJANGO_ADMIN_LOG (ID,ACTION_TIME,OBJECT_REPR,ACTION_FLAG,CONTENT_TYPE_ID,USER_ID) values ('140',to_timestamp('05/06/22 05:21:08,372470000','DD/MM/RR HH24:MI:SSXFF'),'Cerro Navia','1','9','0');
Insert into OLYMPUS.DJANGO_ADMIN_LOG (ID,ACTION_TIME,OBJECT_REPR,ACTION_FLAG,CONTENT_TYPE_ID,USER_ID) values ('141',to_timestamp('05/06/22 05:21:13,972889000','DD/MM/RR HH24:MI:SSXFF'),'Cerrillos','1','9','0');
Insert into OLYMPUS.DJANGO_ADMIN_LOG (ID,ACTION_TIME,OBJECT_REPR,ACTION_FLAG,CONTENT_TYPE_ID,USER_ID) values ('142',to_timestamp('05/06/22 05:21:19,479932000','DD/MM/RR HH24:MI:SSXFF'),'Puente Alto','1','9','0');
Insert into OLYMPUS.DJANGO_ADMIN_LOG (ID,ACTION_TIME,OBJECT_REPR,ACTION_FLAG,CONTENT_TYPE_ID,USER_ID) values ('143',to_timestamp('05/06/22 05:21:23,931885000','DD/MM/RR HH24:MI:SSXFF'),'San Jose de Maipo','1','9','0');
Insert into OLYMPUS.DJANGO_ADMIN_LOG (ID,ACTION_TIME,OBJECT_REPR,ACTION_FLAG,CONTENT_TYPE_ID,USER_ID) values ('144',to_timestamp('05/06/22 05:21:28,514073000','DD/MM/RR HH24:MI:SSXFF'),'Pirque','1','9','0');
Insert into OLYMPUS.DJANGO_ADMIN_LOG (ID,ACTION_TIME,OBJECT_REPR,ACTION_FLAG,CONTENT_TYPE_ID,USER_ID) values ('145',to_timestamp('05/06/22 05:21:32,942051000','DD/MM/RR HH24:MI:SSXFF'),'San Bernardo','1','9','0');
Insert into OLYMPUS.DJANGO_ADMIN_LOG (ID,ACTION_TIME,OBJECT_REPR,ACTION_FLAG,CONTENT_TYPE_ID,USER_ID) values ('146',to_timestamp('05/06/22 05:21:38,198896000','DD/MM/RR HH24:MI:SSXFF'),'Buin','1','9','0');
Insert into OLYMPUS.DJANGO_ADMIN_LOG (ID,ACTION_TIME,OBJECT_REPR,ACTION_FLAG,CONTENT_TYPE_ID,USER_ID) values ('147',to_timestamp('05/06/22 05:21:42,648022000','DD/MM/RR HH24:MI:SSXFF'),'Paine','1','9','0');
Insert into OLYMPUS.DJANGO_ADMIN_LOG (ID,ACTION_TIME,OBJECT_REPR,ACTION_FLAG,CONTENT_TYPE_ID,USER_ID) values ('148',to_timestamp('05/06/22 05:21:47,493727000','DD/MM/RR HH24:MI:SSXFF'),'Calera de Tango','1','9','0');
Insert into OLYMPUS.DJANGO_ADMIN_LOG (ID,ACTION_TIME,OBJECT_REPR,ACTION_FLAG,CONTENT_TYPE_ID,USER_ID) values ('149',to_timestamp('05/06/22 05:21:53,775341000','DD/MM/RR HH24:MI:SSXFF'),'Melipilla','1','9','0');
Insert into OLYMPUS.DJANGO_ADMIN_LOG (ID,ACTION_TIME,OBJECT_REPR,ACTION_FLAG,CONTENT_TYPE_ID,USER_ID) values ('150',to_timestamp('05/06/22 05:21:57,834684000','DD/MM/RR HH24:MI:SSXFF'),'Alhue','1','9','0');
Insert into OLYMPUS.DJANGO_ADMIN_LOG (ID,ACTION_TIME,OBJECT_REPR,ACTION_FLAG,CONTENT_TYPE_ID,USER_ID) values ('151',to_timestamp('05/06/22 05:22:02,801048000','DD/MM/RR HH24:MI:SSXFF'),'Curacavi','1','9','0');
Insert into OLYMPUS.DJANGO_ADMIN_LOG (ID,ACTION_TIME,OBJECT_REPR,ACTION_FLAG,CONTENT_TYPE_ID,USER_ID) values ('152',to_timestamp('05/06/22 05:22:07,633228000','DD/MM/RR HH24:MI:SSXFF'),'Maria Pinto','1','9','0');
Insert into OLYMPUS.DJANGO_ADMIN_LOG (ID,ACTION_TIME,OBJECT_REPR,ACTION_FLAG,CONTENT_TYPE_ID,USER_ID) values ('153',to_timestamp('05/06/22 05:22:14,059785000','DD/MM/RR HH24:MI:SSXFF'),'San Pedro','1','9','0');
Insert into OLYMPUS.DJANGO_ADMIN_LOG (ID,ACTION_TIME,OBJECT_REPR,ACTION_FLAG,CONTENT_TYPE_ID,USER_ID) values ('154',to_timestamp('05/06/22 05:22:18,578990000','DD/MM/RR HH24:MI:SSXFF'),'Isla de Maipo','1','9','0');
Insert into OLYMPUS.DJANGO_ADMIN_LOG (ID,ACTION_TIME,OBJECT_REPR,ACTION_FLAG,CONTENT_TYPE_ID,USER_ID) values ('155',to_timestamp('05/06/22 05:22:23,832712000','DD/MM/RR HH24:MI:SSXFF'),'El Monte','1','9','0');
Insert into OLYMPUS.DJANGO_ADMIN_LOG (ID,ACTION_TIME,OBJECT_REPR,ACTION_FLAG,CONTENT_TYPE_ID,USER_ID) values ('156',to_timestamp('05/06/22 05:22:29,717927000','DD/MM/RR HH24:MI:SSXFF'),'Padre Hurtado','1','9','0');
Insert into OLYMPUS.DJANGO_ADMIN_LOG (ID,ACTION_TIME,OBJECT_REPR,ACTION_FLAG,CONTENT_TYPE_ID,USER_ID) values ('157',to_timestamp('05/06/22 05:22:35,967977000','DD/MM/RR HH24:MI:SSXFF'),'Peniaflor','1','9','0');
Insert into OLYMPUS.DJANGO_ADMIN_LOG (ID,ACTION_TIME,OBJECT_REPR,ACTION_FLAG,CONTENT_TYPE_ID,USER_ID) values ('158',to_timestamp('05/06/22 05:22:40,074365000','DD/MM/RR HH24:MI:SSXFF'),'Talagante','1','9','0');
Insert into OLYMPUS.DJANGO_ADMIN_LOG (ID,ACTION_TIME,OBJECT_REPR,ACTION_FLAG,CONTENT_TYPE_ID,USER_ID) values ('159',to_timestamp('05/06/22 05:31:01,705495000','DD/MM/RR HH24:MI:SSXFF'),'Codegua','1','9','0');
Insert into OLYMPUS.DJANGO_ADMIN_LOG (ID,ACTION_TIME,OBJECT_REPR,ACTION_FLAG,CONTENT_TYPE_ID,USER_ID) values ('160',to_timestamp('05/06/22 05:31:07,098260000','DD/MM/RR HH24:MI:SSXFF'),'Coinco','1','9','0');
Insert into OLYMPUS.DJANGO_ADMIN_LOG (ID,ACTION_TIME,OBJECT_REPR,ACTION_FLAG,CONTENT_TYPE_ID,USER_ID) values ('161',to_timestamp('05/06/22 05:31:12,177366000','DD/MM/RR HH24:MI:SSXFF'),'Coltauco','1','9','0');
Insert into OLYMPUS.DJANGO_ADMIN_LOG (ID,ACTION_TIME,OBJECT_REPR,ACTION_FLAG,CONTENT_TYPE_ID,USER_ID) values ('162',to_timestamp('05/06/22 05:31:30,916137000','DD/MM/RR HH24:MI:SSXFF'),'Doniihue','1','9','0');
Insert into OLYMPUS.DJANGO_ADMIN_LOG (ID,ACTION_TIME,OBJECT_REPR,ACTION_FLAG,CONTENT_TYPE_ID,USER_ID) values ('163',to_timestamp('05/06/22 05:31:36,329393000','DD/MM/RR HH24:MI:SSXFF'),'Graneros','1','9','0');
Insert into OLYMPUS.DJANGO_ADMIN_LOG (ID,ACTION_TIME,OBJECT_REPR,ACTION_FLAG,CONTENT_TYPE_ID,USER_ID) values ('164',to_timestamp('05/06/22 05:31:41,181663000','DD/MM/RR HH24:MI:SSXFF'),'Las Cabras','1','9','0');
Insert into OLYMPUS.DJANGO_ADMIN_LOG (ID,ACTION_TIME,OBJECT_REPR,ACTION_FLAG,CONTENT_TYPE_ID,USER_ID) values ('165',to_timestamp('05/06/22 05:31:46,115440000','DD/MM/RR HH24:MI:SSXFF'),'Machali','1','9','0');
Insert into OLYMPUS.DJANGO_ADMIN_LOG (ID,ACTION_TIME,OBJECT_REPR,ACTION_FLAG,CONTENT_TYPE_ID,USER_ID) values ('166',to_timestamp('05/06/22 05:31:50,127876000','DD/MM/RR HH24:MI:SSXFF'),'Malloa','1','9','0');
Insert into OLYMPUS.DJANGO_ADMIN_LOG (ID,ACTION_TIME,OBJECT_REPR,ACTION_FLAG,CONTENT_TYPE_ID,USER_ID) values ('167',to_timestamp('05/06/22 05:31:54,466740000','DD/MM/RR HH24:MI:SSXFF'),'Mostazal','1','9','0');
Insert into OLYMPUS.DJANGO_ADMIN_LOG (ID,ACTION_TIME,OBJECT_REPR,ACTION_FLAG,CONTENT_TYPE_ID,USER_ID) values ('168',to_timestamp('05/06/22 05:31:58,704282000','DD/MM/RR HH24:MI:SSXFF'),'Olivar','1','9','0');
Insert into OLYMPUS.DJANGO_ADMIN_LOG (ID,ACTION_TIME,OBJECT_REPR,ACTION_FLAG,CONTENT_TYPE_ID,USER_ID) values ('169',to_timestamp('05/06/22 05:32:02,835101000','DD/MM/RR HH24:MI:SSXFF'),'Peumo','1','9','0');
Insert into OLYMPUS.DJANGO_ADMIN_LOG (ID,ACTION_TIME,OBJECT_REPR,ACTION_FLAG,CONTENT_TYPE_ID,USER_ID) values ('170',to_timestamp('05/06/22 05:32:08,748824000','DD/MM/RR HH24:MI:SSXFF'),'Pichidegua','1','9','0');
Insert into OLYMPUS.DJANGO_ADMIN_LOG (ID,ACTION_TIME,OBJECT_REPR,ACTION_FLAG,CONTENT_TYPE_ID,USER_ID) values ('171',to_timestamp('05/06/22 05:32:12,734415000','DD/MM/RR HH24:MI:SSXFF'),'Quinta de Tilcoco','1','9','0');
Insert into OLYMPUS.DJANGO_ADMIN_LOG (ID,ACTION_TIME,OBJECT_REPR,ACTION_FLAG,CONTENT_TYPE_ID,USER_ID) values ('172',to_timestamp('05/06/22 05:32:16,224920000','DD/MM/RR HH24:MI:SSXFF'),'Rancagua','1','9','0');
Insert into OLYMPUS.DJANGO_ADMIN_LOG (ID,ACTION_TIME,OBJECT_REPR,ACTION_FLAG,CONTENT_TYPE_ID,USER_ID) values ('173',to_timestamp('05/06/22 05:32:19,370738000','DD/MM/RR HH24:MI:SSXFF'),'Rengo','1','9','0');
Insert into OLYMPUS.DJANGO_ADMIN_LOG (ID,ACTION_TIME,OBJECT_REPR,ACTION_FLAG,CONTENT_TYPE_ID,USER_ID) values ('174',to_timestamp('05/06/22 05:32:23,260926000','DD/MM/RR HH24:MI:SSXFF'),'Requinoa','1','9','0');
Insert into OLYMPUS.DJANGO_ADMIN_LOG (ID,ACTION_TIME,OBJECT_REPR,ACTION_FLAG,CONTENT_TYPE_ID,USER_ID) values ('175',to_timestamp('05/06/22 05:32:28,504722000','DD/MM/RR HH24:MI:SSXFF'),'San Vicente de Tagua Tagua','1','9','0');
Insert into OLYMPUS.DJANGO_ADMIN_LOG (ID,ACTION_TIME,OBJECT_REPR,ACTION_FLAG,CONTENT_TYPE_ID,USER_ID) values ('176',to_timestamp('05/06/22 05:32:33,960858000','DD/MM/RR HH24:MI:SSXFF'),'Chepica','1','9','0');
Insert into OLYMPUS.DJANGO_ADMIN_LOG (ID,ACTION_TIME,OBJECT_REPR,ACTION_FLAG,CONTENT_TYPE_ID,USER_ID) values ('177',to_timestamp('05/06/22 05:32:38,619636000','DD/MM/RR HH24:MI:SSXFF'),'Chimbarongo','1','9','0');
Insert into OLYMPUS.DJANGO_ADMIN_LOG (ID,ACTION_TIME,OBJECT_REPR,ACTION_FLAG,CONTENT_TYPE_ID,USER_ID) values ('178',to_timestamp('05/06/22 05:32:42,166083000','DD/MM/RR HH24:MI:SSXFF'),'Lolol','1','9','0');
Insert into OLYMPUS.DJANGO_ADMIN_LOG (ID,ACTION_TIME,OBJECT_REPR,ACTION_FLAG,CONTENT_TYPE_ID,USER_ID) values ('179',to_timestamp('05/06/22 05:32:45,446700000','DD/MM/RR HH24:MI:SSXFF'),'Nancagua','1','9','0');
Insert into OLYMPUS.DJANGO_ADMIN_LOG (ID,ACTION_TIME,OBJECT_REPR,ACTION_FLAG,CONTENT_TYPE_ID,USER_ID) values ('180',to_timestamp('05/06/22 05:32:49,008997000','DD/MM/RR HH24:MI:SSXFF'),'Palmilla','1','9','0');
Insert into OLYMPUS.DJANGO_ADMIN_LOG (ID,ACTION_TIME,OBJECT_REPR,ACTION_FLAG,CONTENT_TYPE_ID,USER_ID) values ('181',to_timestamp('05/06/22 05:32:52,836743000','DD/MM/RR HH24:MI:SSXFF'),'Peralillo','1','9','0');
Insert into OLYMPUS.DJANGO_ADMIN_LOG (ID,ACTION_TIME,OBJECT_REPR,ACTION_FLAG,CONTENT_TYPE_ID,USER_ID) values ('182',to_timestamp('05/06/22 05:32:57,193258000','DD/MM/RR HH24:MI:SSXFF'),'Placilla','1','9','0');
Insert into OLYMPUS.DJANGO_ADMIN_LOG (ID,ACTION_TIME,OBJECT_REPR,ACTION_FLAG,CONTENT_TYPE_ID,USER_ID) values ('183',to_timestamp('05/06/22 05:33:01,584405000','DD/MM/RR HH24:MI:SSXFF'),'Pumanque','1','9','0');
Insert into OLYMPUS.DJANGO_ADMIN_LOG (ID,ACTION_TIME,OBJECT_REPR,ACTION_FLAG,CONTENT_TYPE_ID,USER_ID) values ('184',to_timestamp('05/06/22 05:33:06,139390000','DD/MM/RR HH24:MI:SSXFF'),'San Fernando','1','9','0');
Insert into OLYMPUS.DJANGO_ADMIN_LOG (ID,ACTION_TIME,OBJECT_REPR,ACTION_FLAG,CONTENT_TYPE_ID,USER_ID) values ('185',to_timestamp('05/06/22 05:33:11,696784000','DD/MM/RR HH24:MI:SSXFF'),'Santa Cruz','1','9','0');
Insert into OLYMPUS.DJANGO_ADMIN_LOG (ID,ACTION_TIME,OBJECT_REPR,ACTION_FLAG,CONTENT_TYPE_ID,USER_ID) values ('186',to_timestamp('05/06/22 05:33:17,924688000','DD/MM/RR HH24:MI:SSXFF'),'La Estrella','1','9','0');
Insert into OLYMPUS.DJANGO_ADMIN_LOG (ID,ACTION_TIME,OBJECT_REPR,ACTION_FLAG,CONTENT_TYPE_ID,USER_ID) values ('187',to_timestamp('05/06/22 05:33:22,196094000','DD/MM/RR HH24:MI:SSXFF'),'Litueche','1','9','0');
Insert into OLYMPUS.DJANGO_ADMIN_LOG (ID,ACTION_TIME,OBJECT_REPR,ACTION_FLAG,CONTENT_TYPE_ID,USER_ID) values ('188',to_timestamp('05/06/22 05:33:26,128161000','DD/MM/RR HH24:MI:SSXFF'),'Marchigüe','1','9','0');
Insert into OLYMPUS.DJANGO_ADMIN_LOG (ID,ACTION_TIME,OBJECT_REPR,ACTION_FLAG,CONTENT_TYPE_ID,USER_ID) values ('189',to_timestamp('05/06/22 05:33:30,387783000','DD/MM/RR HH24:MI:SSXFF'),'Navidad','1','9','0');
Insert into OLYMPUS.DJANGO_ADMIN_LOG (ID,ACTION_TIME,OBJECT_REPR,ACTION_FLAG,CONTENT_TYPE_ID,USER_ID) values ('190',to_timestamp('05/06/22 05:33:34,314967000','DD/MM/RR HH24:MI:SSXFF'),'Paredones','1','9','0');
Insert into OLYMPUS.DJANGO_ADMIN_LOG (ID,ACTION_TIME,OBJECT_REPR,ACTION_FLAG,CONTENT_TYPE_ID,USER_ID) values ('191',to_timestamp('05/06/22 05:33:37,884454000','DD/MM/RR HH24:MI:SSXFF'),'Pichilemu','1','9','0');
Insert into OLYMPUS.DJANGO_ADMIN_LOG (ID,ACTION_TIME,OBJECT_REPR,ACTION_FLAG,CONTENT_TYPE_ID,USER_ID) values ('192',to_timestamp('05/06/22 05:33:41,974418000','DD/MM/RR HH24:MI:SSXFF'),'Curico','1','9','0');
Insert into OLYMPUS.DJANGO_ADMIN_LOG (ID,ACTION_TIME,OBJECT_REPR,ACTION_FLAG,CONTENT_TYPE_ID,USER_ID) values ('193',to_timestamp('05/06/22 05:33:45,373717000','DD/MM/RR HH24:MI:SSXFF'),'Hualanie','1','9','0');
Insert into OLYMPUS.DJANGO_ADMIN_LOG (ID,ACTION_TIME,OBJECT_REPR,ACTION_FLAG,CONTENT_TYPE_ID,USER_ID) values ('194',to_timestamp('05/06/22 05:33:48,804137000','DD/MM/RR HH24:MI:SSXFF'),'Licanten','1','9','0');
Insert into OLYMPUS.DJANGO_ADMIN_LOG (ID,ACTION_TIME,OBJECT_REPR,ACTION_FLAG,CONTENT_TYPE_ID,USER_ID) values ('195',to_timestamp('05/06/22 05:33:52,182027000','DD/MM/RR HH24:MI:SSXFF'),'Molina','1','9','0');
Insert into OLYMPUS.DJANGO_ADMIN_LOG (ID,ACTION_TIME,OBJECT_REPR,ACTION_FLAG,CONTENT_TYPE_ID,USER_ID) values ('196',to_timestamp('05/06/22 05:33:57,399078000','DD/MM/RR HH24:MI:SSXFF'),'Rauco','1','9','0');
Insert into OLYMPUS.DJANGO_ADMIN_LOG (ID,ACTION_TIME,OBJECT_REPR,ACTION_FLAG,CONTENT_TYPE_ID,USER_ID) values ('197',to_timestamp('05/06/22 05:34:01,282266000','DD/MM/RR HH24:MI:SSXFF'),'Romeral','1','9','0');
Insert into OLYMPUS.DJANGO_ADMIN_LOG (ID,ACTION_TIME,OBJECT_REPR,ACTION_FLAG,CONTENT_TYPE_ID,USER_ID) values ('198',to_timestamp('05/06/22 05:34:06,699933000','DD/MM/RR HH24:MI:SSXFF'),'Sagrada Familia','1','9','0');
Insert into OLYMPUS.DJANGO_ADMIN_LOG (ID,ACTION_TIME,OBJECT_REPR,ACTION_FLAG,CONTENT_TYPE_ID,USER_ID) values ('199',to_timestamp('05/06/22 05:34:13,669501000','DD/MM/RR HH24:MI:SSXFF'),'Teno','1','9','0');
Insert into OLYMPUS.DJANGO_ADMIN_LOG (ID,ACTION_TIME,OBJECT_REPR,ACTION_FLAG,CONTENT_TYPE_ID,USER_ID) values ('200',to_timestamp('05/06/22 05:34:17,792864000','DD/MM/RR HH24:MI:SSXFF'),'Vichuquen','1','9','0');
Insert into OLYMPUS.DJANGO_ADMIN_LOG (ID,ACTION_TIME,OBJECT_REPR,ACTION_FLAG,CONTENT_TYPE_ID,USER_ID) values ('250',to_timestamp('05/06/22 05:48:31,522297000','DD/MM/RR HH24:MI:SSXFF'),'Negrete','1','9','0');
Insert into OLYMPUS.DJANGO_ADMIN_LOG (ID,ACTION_TIME,OBJECT_REPR,ACTION_FLAG,CONTENT_TYPE_ID,USER_ID) values ('251',to_timestamp('05/06/22 05:48:34,680883000','DD/MM/RR HH24:MI:SSXFF'),'Quilaco','1','9','0');
Insert into OLYMPUS.DJANGO_ADMIN_LOG (ID,ACTION_TIME,OBJECT_REPR,ACTION_FLAG,CONTENT_TYPE_ID,USER_ID) values ('252',to_timestamp('05/06/22 05:48:42,705686000','DD/MM/RR HH24:MI:SSXFF'),'Quilleco','1','9','0');
Insert into OLYMPUS.DJANGO_ADMIN_LOG (ID,ACTION_TIME,OBJECT_REPR,ACTION_FLAG,CONTENT_TYPE_ID,USER_ID) values ('253',to_timestamp('05/06/22 05:48:47,809702000','DD/MM/RR HH24:MI:SSXFF'),'San Rosendo','1','9','0');
Insert into OLYMPUS.DJANGO_ADMIN_LOG (ID,ACTION_TIME,OBJECT_REPR,ACTION_FLAG,CONTENT_TYPE_ID,USER_ID) values ('254',to_timestamp('05/06/22 05:48:51,947209000','DD/MM/RR HH24:MI:SSXFF'),'Santa Barbara','1','9','0');
Insert into OLYMPUS.DJANGO_ADMIN_LOG (ID,ACTION_TIME,OBJECT_REPR,ACTION_FLAG,CONTENT_TYPE_ID,USER_ID) values ('255',to_timestamp('05/06/22 05:48:55,400668000','DD/MM/RR HH24:MI:SSXFF'),'Tucapel','1','9','0');
Insert into OLYMPUS.DJANGO_ADMIN_LOG (ID,ACTION_TIME,OBJECT_REPR,ACTION_FLAG,CONTENT_TYPE_ID,USER_ID) values ('256',to_timestamp('05/06/22 05:48:59,157641000','DD/MM/RR HH24:MI:SSXFF'),'Yumbel','1','9','0');
Insert into OLYMPUS.DJANGO_ADMIN_LOG (ID,ACTION_TIME,OBJECT_REPR,ACTION_FLAG,CONTENT_TYPE_ID,USER_ID) values ('257',to_timestamp('05/06/22 05:49:02,456461000','DD/MM/RR HH24:MI:SSXFF'),'Concepcion','1','9','0');
Insert into OLYMPUS.DJANGO_ADMIN_LOG (ID,ACTION_TIME,OBJECT_REPR,ACTION_FLAG,CONTENT_TYPE_ID,USER_ID) values ('258',to_timestamp('05/06/22 05:49:05,491727000','DD/MM/RR HH24:MI:SSXFF'),'Coronel','1','9','0');
Insert into OLYMPUS.DJANGO_ADMIN_LOG (ID,ACTION_TIME,OBJECT_REPR,ACTION_FLAG,CONTENT_TYPE_ID,USER_ID) values ('259',to_timestamp('05/06/22 05:49:08,796397000','DD/MM/RR HH24:MI:SSXFF'),'Chiguayante','1','9','0');
Insert into OLYMPUS.DJANGO_ADMIN_LOG (ID,ACTION_TIME,OBJECT_REPR,ACTION_FLAG,CONTENT_TYPE_ID,USER_ID) values ('260',to_timestamp('05/06/22 05:49:12,650880000','DD/MM/RR HH24:MI:SSXFF'),'Florida','1','9','0');
Insert into OLYMPUS.DJANGO_ADMIN_LOG (ID,ACTION_TIME,OBJECT_REPR,ACTION_FLAG,CONTENT_TYPE_ID,USER_ID) values ('261',to_timestamp('05/06/22 05:49:17,976888000','DD/MM/RR HH24:MI:SSXFF'),'Hualpen','1','9','0');
Insert into OLYMPUS.DJANGO_ADMIN_LOG (ID,ACTION_TIME,OBJECT_REPR,ACTION_FLAG,CONTENT_TYPE_ID,USER_ID) values ('262',to_timestamp('05/06/22 05:49:22,313202000','DD/MM/RR HH24:MI:SSXFF'),'Hualqui','1','9','0');
Insert into OLYMPUS.DJANGO_ADMIN_LOG (ID,ACTION_TIME,OBJECT_REPR,ACTION_FLAG,CONTENT_TYPE_ID,USER_ID) values ('263',to_timestamp('05/06/22 05:49:25,405578000','DD/MM/RR HH24:MI:SSXFF'),'Lota','1','9','0');
Insert into OLYMPUS.DJANGO_ADMIN_LOG (ID,ACTION_TIME,OBJECT_REPR,ACTION_FLAG,CONTENT_TYPE_ID,USER_ID) values ('264',to_timestamp('05/06/22 05:49:29,254930000','DD/MM/RR HH24:MI:SSXFF'),'Penco','1','9','0');
Insert into OLYMPUS.DJANGO_ADMIN_LOG (ID,ACTION_TIME,OBJECT_REPR,ACTION_FLAG,CONTENT_TYPE_ID,USER_ID) values ('265',to_timestamp('05/06/22 05:50:13,214549000','DD/MM/RR HH24:MI:SSXFF'),'San Pedro de La Paz','1','9','0');
Insert into OLYMPUS.DJANGO_ADMIN_LOG (ID,ACTION_TIME,OBJECT_REPR,ACTION_FLAG,CONTENT_TYPE_ID,USER_ID) values ('266',to_timestamp('05/06/22 05:50:19,765716000','DD/MM/RR HH24:MI:SSXFF'),'Santa Juana','1','9','0');
Insert into OLYMPUS.DJANGO_ADMIN_LOG (ID,ACTION_TIME,OBJECT_REPR,ACTION_FLAG,CONTENT_TYPE_ID,USER_ID) values ('267',to_timestamp('05/06/22 05:50:24,013848000','DD/MM/RR HH24:MI:SSXFF'),'Talcahuano','1','9','0');
Insert into OLYMPUS.DJANGO_ADMIN_LOG (ID,ACTION_TIME,OBJECT_REPR,ACTION_FLAG,CONTENT_TYPE_ID,USER_ID) values ('268',to_timestamp('05/06/22 05:50:27,779959000','DD/MM/RR HH24:MI:SSXFF'),'Tome','1','9','0');
Insert into OLYMPUS.DJANGO_ADMIN_LOG (ID,ACTION_TIME,OBJECT_REPR,ACTION_FLAG,CONTENT_TYPE_ID,USER_ID) values ('269',to_timestamp('05/06/22 05:50:31,928786000','DD/MM/RR HH24:MI:SSXFF'),'Arauco','1','9','0');
Insert into OLYMPUS.DJANGO_ADMIN_LOG (ID,ACTION_TIME,OBJECT_REPR,ACTION_FLAG,CONTENT_TYPE_ID,USER_ID) values ('270',to_timestamp('05/06/22 05:50:35,292625000','DD/MM/RR HH24:MI:SSXFF'),'Caniete','1','9','0');
Insert into OLYMPUS.DJANGO_ADMIN_LOG (ID,ACTION_TIME,OBJECT_REPR,ACTION_FLAG,CONTENT_TYPE_ID,USER_ID) values ('271',to_timestamp('05/06/22 05:50:38,846468000','DD/MM/RR HH24:MI:SSXFF'),'Contulmo','1','9','0');
Insert into OLYMPUS.DJANGO_ADMIN_LOG (ID,ACTION_TIME,OBJECT_REPR,ACTION_FLAG,CONTENT_TYPE_ID,USER_ID) values ('272',to_timestamp('05/06/22 05:50:43,831157000','DD/MM/RR HH24:MI:SSXFF'),'Curanilahue','1','9','0');
Insert into OLYMPUS.DJANGO_ADMIN_LOG (ID,ACTION_TIME,OBJECT_REPR,ACTION_FLAG,CONTENT_TYPE_ID,USER_ID) values ('273',to_timestamp('05/06/22 05:50:47,907721000','DD/MM/RR HH24:MI:SSXFF'),'Lebu','1','9','0');
Insert into OLYMPUS.DJANGO_ADMIN_LOG (ID,ACTION_TIME,OBJECT_REPR,ACTION_FLAG,CONTENT_TYPE_ID,USER_ID) values ('274',to_timestamp('05/06/22 05:50:54,197244000','DD/MM/RR HH24:MI:SSXFF'),'Los alamos','1','9','0');
Insert into OLYMPUS.DJANGO_ADMIN_LOG (ID,ACTION_TIME,OBJECT_REPR,ACTION_FLAG,CONTENT_TYPE_ID,USER_ID) values ('275',to_timestamp('05/06/22 05:51:01,371213000','DD/MM/RR HH24:MI:SSXFF'),'Tirua','1','9','0');
Insert into OLYMPUS.DJANGO_ADMIN_LOG (ID,ACTION_TIME,OBJECT_REPR,ACTION_FLAG,CONTENT_TYPE_ID,USER_ID) values ('276',to_timestamp('05/06/22 05:51:05,288886000','DD/MM/RR HH24:MI:SSXFF'),'Angol','1','9','0');
Insert into OLYMPUS.DJANGO_ADMIN_LOG (ID,ACTION_TIME,OBJECT_REPR,ACTION_FLAG,CONTENT_TYPE_ID,USER_ID) values ('277',to_timestamp('05/06/22 05:51:10,821283000','DD/MM/RR HH24:MI:SSXFF'),'Collipulli','1','9','0');
Insert into OLYMPUS.DJANGO_ADMIN_LOG (ID,ACTION_TIME,OBJECT_REPR,ACTION_FLAG,CONTENT_TYPE_ID,USER_ID) values ('278',to_timestamp('05/06/22 05:51:14,668535000','DD/MM/RR HH24:MI:SSXFF'),'Curacautin','1','9','0');
Insert into OLYMPUS.DJANGO_ADMIN_LOG (ID,ACTION_TIME,OBJECT_REPR,ACTION_FLAG,CONTENT_TYPE_ID,USER_ID) values ('279',to_timestamp('05/06/22 05:51:17,831965000','DD/MM/RR HH24:MI:SSXFF'),'Ercilla','1','9','0');
Insert into OLYMPUS.DJANGO_ADMIN_LOG (ID,ACTION_TIME,OBJECT_REPR,ACTION_FLAG,CONTENT_TYPE_ID,USER_ID) values ('280',to_timestamp('05/06/22 05:51:23,286272000','DD/MM/RR HH24:MI:SSXFF'),'Los Sauces','1','9','0');
Insert into OLYMPUS.DJANGO_ADMIN_LOG (ID,ACTION_TIME,OBJECT_REPR,ACTION_FLAG,CONTENT_TYPE_ID,USER_ID) values ('281',to_timestamp('05/06/22 05:51:26,861467000','DD/MM/RR HH24:MI:SSXFF'),'Lumaco','1','9','0');
Insert into OLYMPUS.DJANGO_ADMIN_LOG (ID,ACTION_TIME,OBJECT_REPR,ACTION_FLAG,CONTENT_TYPE_ID,USER_ID) values ('282',to_timestamp('05/06/22 05:51:32,810109000','DD/MM/RR HH24:MI:SSXFF'),'Puren','1','9','0');
Insert into OLYMPUS.DJANGO_ADMIN_LOG (ID,ACTION_TIME,OBJECT_REPR,ACTION_FLAG,CONTENT_TYPE_ID,USER_ID) values ('283',to_timestamp('05/06/22 05:51:37,077467000','DD/MM/RR HH24:MI:SSXFF'),'Renaico','1','9','0');
Insert into OLYMPUS.DJANGO_ADMIN_LOG (ID,ACTION_TIME,OBJECT_REPR,ACTION_FLAG,CONTENT_TYPE_ID,USER_ID) values ('284',to_timestamp('05/06/22 05:51:40,746257000','DD/MM/RR HH24:MI:SSXFF'),'Traiguen','1','9','0');
Insert into OLYMPUS.DJANGO_ADMIN_LOG (ID,ACTION_TIME,OBJECT_REPR,ACTION_FLAG,CONTENT_TYPE_ID,USER_ID) values ('285',to_timestamp('05/06/22 05:51:47,428153000','DD/MM/RR HH24:MI:SSXFF'),'Victoria','1','9','0');
Insert into OLYMPUS.DJANGO_ADMIN_LOG (ID,ACTION_TIME,OBJECT_REPR,ACTION_FLAG,CONTENT_TYPE_ID,USER_ID) values ('286',to_timestamp('05/06/22 05:51:53,588264000','DD/MM/RR HH24:MI:SSXFF'),'Temuco','1','9','0');
Insert into OLYMPUS.DJANGO_ADMIN_LOG (ID,ACTION_TIME,OBJECT_REPR,ACTION_FLAG,CONTENT_TYPE_ID,USER_ID) values ('287',to_timestamp('05/06/22 05:51:58,622835000','DD/MM/RR HH24:MI:SSXFF'),'Carahue','1','9','0');
Insert into OLYMPUS.DJANGO_ADMIN_LOG (ID,ACTION_TIME,OBJECT_REPR,ACTION_FLAG,CONTENT_TYPE_ID,USER_ID) values ('288',to_timestamp('05/06/22 05:52:04,398059000','DD/MM/RR HH24:MI:SSXFF'),'Cholchol','1','9','0');
Insert into OLYMPUS.DJANGO_ADMIN_LOG (ID,ACTION_TIME,OBJECT_REPR,ACTION_FLAG,CONTENT_TYPE_ID,USER_ID) values ('289',to_timestamp('05/06/22 05:52:09,197092000','DD/MM/RR HH24:MI:SSXFF'),'Cunco','1','9','0');
Insert into OLYMPUS.DJANGO_ADMIN_LOG (ID,ACTION_TIME,OBJECT_REPR,ACTION_FLAG,CONTENT_TYPE_ID,USER_ID) values ('290',to_timestamp('05/06/22 05:52:12,936626000','DD/MM/RR HH24:MI:SSXFF'),'Curarrehue','1','9','0');
Insert into OLYMPUS.DJANGO_ADMIN_LOG (ID,ACTION_TIME,OBJECT_REPR,ACTION_FLAG,CONTENT_TYPE_ID,USER_ID) values ('291',to_timestamp('05/06/22 05:52:27,696096000','DD/MM/RR HH24:MI:SSXFF'),'Freire','1','9','0');
Insert into OLYMPUS.DJANGO_ADMIN_LOG (ID,ACTION_TIME,OBJECT_REPR,ACTION_FLAG,CONTENT_TYPE_ID,USER_ID) values ('292',to_timestamp('05/06/22 05:52:31,111382000','DD/MM/RR HH24:MI:SSXFF'),'Galvarino','1','9','0');
Insert into OLYMPUS.DJANGO_ADMIN_LOG (ID,ACTION_TIME,OBJECT_REPR,ACTION_FLAG,CONTENT_TYPE_ID,USER_ID) values ('293',to_timestamp('05/06/22 05:52:34,963174000','DD/MM/RR HH24:MI:SSXFF'),'Gorbea','1','9','0');
Insert into OLYMPUS.DJANGO_ADMIN_LOG (ID,ACTION_TIME,OBJECT_REPR,ACTION_FLAG,CONTENT_TYPE_ID,USER_ID) values ('294',to_timestamp('05/06/22 05:52:38,322892000','DD/MM/RR HH24:MI:SSXFF'),'Lautaro','1','9','0');
Insert into OLYMPUS.DJANGO_ADMIN_LOG (ID,ACTION_TIME,OBJECT_REPR,ACTION_FLAG,CONTENT_TYPE_ID,USER_ID) values ('295',to_timestamp('05/06/22 05:52:41,606746000','DD/MM/RR HH24:MI:SSXFF'),'Loncoche','1','9','0');
Insert into OLYMPUS.DJANGO_ADMIN_LOG (ID,ACTION_TIME,OBJECT_REPR,ACTION_FLAG,CONTENT_TYPE_ID,USER_ID) values ('296',to_timestamp('05/06/22 05:52:45,002773000','DD/MM/RR HH24:MI:SSXFF'),'Melipeuco','1','9','0');
Insert into OLYMPUS.DJANGO_ADMIN_LOG (ID,ACTION_TIME,OBJECT_REPR,ACTION_FLAG,CONTENT_TYPE_ID,USER_ID) values ('297',to_timestamp('05/06/22 05:52:48,159243000','DD/MM/RR HH24:MI:SSXFF'),'Nueva Imperial','1','9','0');
Insert into OLYMPUS.DJANGO_ADMIN_LOG (ID,ACTION_TIME,OBJECT_REPR,ACTION_FLAG,CONTENT_TYPE_ID,USER_ID) values ('298',to_timestamp('05/06/22 05:52:51,747222000','DD/MM/RR HH24:MI:SSXFF'),'Padre Las Casas','1','9','0');
Insert into OLYMPUS.DJANGO_ADMIN_LOG (ID,ACTION_TIME,OBJECT_REPR,ACTION_FLAG,CONTENT_TYPE_ID,USER_ID) values ('299',to_timestamp('05/06/22 05:52:55,631542000','DD/MM/RR HH24:MI:SSXFF'),'Perquenco','1','9','0');
Insert into OLYMPUS.DJANGO_ADMIN_LOG (ID,ACTION_TIME,OBJECT_REPR,ACTION_FLAG,CONTENT_TYPE_ID,USER_ID) values ('300',to_timestamp('05/06/22 05:52:59,193496000','DD/MM/RR HH24:MI:SSXFF'),'Pitrufquen','1','9','0');
Insert into OLYMPUS.DJANGO_ADMIN_LOG (ID,ACTION_TIME,OBJECT_REPR,ACTION_FLAG,CONTENT_TYPE_ID,USER_ID) values ('301',to_timestamp('05/06/22 05:53:03,611601000','DD/MM/RR HH24:MI:SSXFF'),'Pucon','1','9','0');
Insert into OLYMPUS.DJANGO_ADMIN_LOG (ID,ACTION_TIME,OBJECT_REPR,ACTION_FLAG,CONTENT_TYPE_ID,USER_ID) values ('302',to_timestamp('05/06/22 05:53:06,433705000','DD/MM/RR HH24:MI:SSXFF'),'Saavedra','1','9','0');
Insert into OLYMPUS.DJANGO_ADMIN_LOG (ID,ACTION_TIME,OBJECT_REPR,ACTION_FLAG,CONTENT_TYPE_ID,USER_ID) values ('303',to_timestamp('05/06/22 05:53:10,476323000','DD/MM/RR HH24:MI:SSXFF'),'Teodoro Schmidt','1','9','0');
Insert into OLYMPUS.DJANGO_ADMIN_LOG (ID,ACTION_TIME,OBJECT_REPR,ACTION_FLAG,CONTENT_TYPE_ID,USER_ID) values ('304',to_timestamp('05/06/22 05:53:14,834968000','DD/MM/RR HH24:MI:SSXFF'),'Tolten','1','9','0');
Insert into OLYMPUS.DJANGO_ADMIN_LOG (ID,ACTION_TIME,OBJECT_REPR,ACTION_FLAG,CONTENT_TYPE_ID,USER_ID) values ('305',to_timestamp('05/06/22 05:53:18,439268000','DD/MM/RR HH24:MI:SSXFF'),'Vilcun','1','9','0');
Insert into OLYMPUS.DJANGO_ADMIN_LOG (ID,ACTION_TIME,OBJECT_REPR,ACTION_FLAG,CONTENT_TYPE_ID,USER_ID) values ('306',to_timestamp('05/06/22 05:53:21,945077000','DD/MM/RR HH24:MI:SSXFF'),'Villarrica','1','9','0');
Insert into OLYMPUS.DJANGO_ADMIN_LOG (ID,ACTION_TIME,OBJECT_REPR,ACTION_FLAG,CONTENT_TYPE_ID,USER_ID) values ('307',to_timestamp('05/06/22 05:53:25,770190000','DD/MM/RR HH24:MI:SSXFF'),'Valdivia','1','9','0');
Insert into OLYMPUS.DJANGO_ADMIN_LOG (ID,ACTION_TIME,OBJECT_REPR,ACTION_FLAG,CONTENT_TYPE_ID,USER_ID) values ('308',to_timestamp('05/06/22 05:53:32,393311000','DD/MM/RR HH24:MI:SSXFF'),'Corral','1','9','0');
Insert into OLYMPUS.DJANGO_ADMIN_LOG (ID,ACTION_TIME,OBJECT_REPR,ACTION_FLAG,CONTENT_TYPE_ID,USER_ID) values ('309',to_timestamp('05/06/22 05:53:41,690415000','DD/MM/RR HH24:MI:SSXFF'),'Lanco','1','9','0');
Insert into OLYMPUS.DJANGO_ADMIN_LOG (ID,ACTION_TIME,OBJECT_REPR,ACTION_FLAG,CONTENT_TYPE_ID,USER_ID) values ('310',to_timestamp('05/06/22 05:55:43,568362000','DD/MM/RR HH24:MI:SSXFF'),'Los Lagos','1','9','0');
Insert into OLYMPUS.DJANGO_ADMIN_LOG (ID,ACTION_TIME,OBJECT_REPR,ACTION_FLAG,CONTENT_TYPE_ID,USER_ID) values ('311',to_timestamp('05/06/22 05:55:48,241807000','DD/MM/RR HH24:MI:SSXFF'),'Mafil','1','9','0');
Insert into OLYMPUS.DJANGO_ADMIN_LOG (ID,ACTION_TIME,OBJECT_REPR,ACTION_FLAG,CONTENT_TYPE_ID,USER_ID) values ('312',to_timestamp('05/06/22 05:55:52,516388000','DD/MM/RR HH24:MI:SSXFF'),'Mariquina','1','9','0');
Insert into OLYMPUS.DJANGO_ADMIN_LOG (ID,ACTION_TIME,OBJECT_REPR,ACTION_FLAG,CONTENT_TYPE_ID,USER_ID) values ('313',to_timestamp('05/06/22 05:55:55,859162000','DD/MM/RR HH24:MI:SSXFF'),'Paillaco','1','9','0');
Insert into OLYMPUS.DJANGO_ADMIN_LOG (ID,ACTION_TIME,OBJECT_REPR,ACTION_FLAG,CONTENT_TYPE_ID,USER_ID) values ('314',to_timestamp('05/06/22 05:55:59,633066000','DD/MM/RR HH24:MI:SSXFF'),'Panguipulli','1','9','0');
Insert into OLYMPUS.DJANGO_ADMIN_LOG (ID,ACTION_TIME,OBJECT_REPR,ACTION_FLAG,CONTENT_TYPE_ID,USER_ID) values ('315',to_timestamp('05/06/22 05:56:03,141150000','DD/MM/RR HH24:MI:SSXFF'),'La Union','1','9','0');
Insert into OLYMPUS.DJANGO_ADMIN_LOG (ID,ACTION_TIME,OBJECT_REPR,ACTION_FLAG,CONTENT_TYPE_ID,USER_ID) values ('316',to_timestamp('05/06/22 05:56:06,219901000','DD/MM/RR HH24:MI:SSXFF'),'Futrono','1','9','0');
Insert into OLYMPUS.DJANGO_ADMIN_LOG (ID,ACTION_TIME,OBJECT_REPR,ACTION_FLAG,CONTENT_TYPE_ID,USER_ID) values ('317',to_timestamp('05/06/22 05:56:09,296115000','DD/MM/RR HH24:MI:SSXFF'),'Lago Ranco','1','9','0');
Insert into OLYMPUS.DJANGO_ADMIN_LOG (ID,ACTION_TIME,OBJECT_REPR,ACTION_FLAG,CONTENT_TYPE_ID,USER_ID) values ('318',to_timestamp('05/06/22 05:56:12,785084000','DD/MM/RR HH24:MI:SSXFF'),'Rio Bueno','1','9','0');
Insert into OLYMPUS.DJANGO_ADMIN_LOG (ID,ACTION_TIME,OBJECT_REPR,ACTION_FLAG,CONTENT_TYPE_ID,USER_ID) values ('319',to_timestamp('05/06/22 05:56:16,984205000','DD/MM/RR HH24:MI:SSXFF'),'Osorno','1','9','0');
Insert into OLYMPUS.DJANGO_ADMIN_LOG (ID,ACTION_TIME,OBJECT_REPR,ACTION_FLAG,CONTENT_TYPE_ID,USER_ID) values ('320',to_timestamp('05/06/22 05:56:21,787124000','DD/MM/RR HH24:MI:SSXFF'),'Puerto Octay','1','9','0');
Insert into OLYMPUS.DJANGO_ADMIN_LOG (ID,ACTION_TIME,OBJECT_REPR,ACTION_FLAG,CONTENT_TYPE_ID,USER_ID) values ('321',to_timestamp('05/06/22 05:56:24,898719000','DD/MM/RR HH24:MI:SSXFF'),'Purranque','1','9','0');
Insert into OLYMPUS.DJANGO_ADMIN_LOG (ID,ACTION_TIME,OBJECT_REPR,ACTION_FLAG,CONTENT_TYPE_ID,USER_ID) values ('322',to_timestamp('05/06/22 05:56:28,052196000','DD/MM/RR HH24:MI:SSXFF'),'Puyehue','1','9','0');
Insert into OLYMPUS.DJANGO_ADMIN_LOG (ID,ACTION_TIME,OBJECT_REPR,ACTION_FLAG,CONTENT_TYPE_ID,USER_ID) values ('323',to_timestamp('05/06/22 05:56:31,725154000','DD/MM/RR HH24:MI:SSXFF'),'Rio Negro','1','9','0');
Insert into OLYMPUS.DJANGO_ADMIN_LOG (ID,ACTION_TIME,OBJECT_REPR,ACTION_FLAG,CONTENT_TYPE_ID,USER_ID) values ('324',to_timestamp('05/06/22 05:56:35,314853000','DD/MM/RR HH24:MI:SSXFF'),'San Juan de la Costa','1','9','0');
Insert into OLYMPUS.DJANGO_ADMIN_LOG (ID,ACTION_TIME,OBJECT_REPR,ACTION_FLAG,CONTENT_TYPE_ID,USER_ID) values ('325',to_timestamp('05/06/22 05:56:38,874357000','DD/MM/RR HH24:MI:SSXFF'),'San Pablo','1','9','0');
Insert into OLYMPUS.DJANGO_ADMIN_LOG (ID,ACTION_TIME,OBJECT_REPR,ACTION_FLAG,CONTENT_TYPE_ID,USER_ID) values ('326',to_timestamp('05/06/22 05:56:42,306289000','DD/MM/RR HH24:MI:SSXFF'),'Calbuco','1','9','0');
Insert into OLYMPUS.DJANGO_ADMIN_LOG (ID,ACTION_TIME,OBJECT_REPR,ACTION_FLAG,CONTENT_TYPE_ID,USER_ID) values ('327',to_timestamp('05/06/22 05:56:45,657570000','DD/MM/RR HH24:MI:SSXFF'),'Cochamo','1','9','0');
Insert into OLYMPUS.DJANGO_ADMIN_LOG (ID,ACTION_TIME,OBJECT_REPR,ACTION_FLAG,CONTENT_TYPE_ID,USER_ID) values ('328',to_timestamp('05/06/22 05:56:49,432842000','DD/MM/RR HH24:MI:SSXFF'),'Fresia','1','9','0');
Insert into OLYMPUS.DJANGO_ADMIN_LOG (ID,ACTION_TIME,OBJECT_REPR,ACTION_FLAG,CONTENT_TYPE_ID,USER_ID) values ('329',to_timestamp('05/06/22 05:56:53,421718000','DD/MM/RR HH24:MI:SSXFF'),'Frutillar','1','9','0');
Insert into OLYMPUS.DJANGO_ADMIN_LOG (ID,ACTION_TIME,OBJECT_REPR,ACTION_FLAG,CONTENT_TYPE_ID,USER_ID) values ('330',to_timestamp('05/06/22 05:56:56,483381000','DD/MM/RR HH24:MI:SSXFF'),'Llanquihue','1','9','0');
Insert into OLYMPUS.DJANGO_ADMIN_LOG (ID,ACTION_TIME,OBJECT_REPR,ACTION_FLAG,CONTENT_TYPE_ID,USER_ID) values ('331',to_timestamp('05/06/22 05:57:00,406865000','DD/MM/RR HH24:MI:SSXFF'),'Los Muermos','1','9','0');
Insert into OLYMPUS.DJANGO_ADMIN_LOG (ID,ACTION_TIME,OBJECT_REPR,ACTION_FLAG,CONTENT_TYPE_ID,USER_ID) values ('332',to_timestamp('05/06/22 05:57:04,751197000','DD/MM/RR HH24:MI:SSXFF'),'Maullin','1','9','0');
Insert into OLYMPUS.DJANGO_ADMIN_LOG (ID,ACTION_TIME,OBJECT_REPR,ACTION_FLAG,CONTENT_TYPE_ID,USER_ID) values ('333',to_timestamp('05/06/22 05:57:08,121434000','DD/MM/RR HH24:MI:SSXFF'),'Puerto Montt','1','9','0');
Insert into OLYMPUS.DJANGO_ADMIN_LOG (ID,ACTION_TIME,OBJECT_REPR,ACTION_FLAG,CONTENT_TYPE_ID,USER_ID) values ('334',to_timestamp('05/06/22 05:57:11,332863000','DD/MM/RR HH24:MI:SSXFF'),'Puerto Varas','1','9','0');
Insert into OLYMPUS.DJANGO_ADMIN_LOG (ID,ACTION_TIME,OBJECT_REPR,ACTION_FLAG,CONTENT_TYPE_ID,USER_ID) values ('335',to_timestamp('05/06/22 05:57:14,542425000','DD/MM/RR HH24:MI:SSXFF'),'Ancud','1','9','0');
Insert into OLYMPUS.DJANGO_ADMIN_LOG (ID,ACTION_TIME,OBJECT_REPR,ACTION_FLAG,CONTENT_TYPE_ID,USER_ID) values ('336',to_timestamp('05/06/22 05:57:18,724432000','DD/MM/RR HH24:MI:SSXFF'),'Castro','1','9','0');
Insert into OLYMPUS.DJANGO_ADMIN_LOG (ID,ACTION_TIME,OBJECT_REPR,ACTION_FLAG,CONTENT_TYPE_ID,USER_ID) values ('337',to_timestamp('05/06/22 05:57:23,952230000','DD/MM/RR HH24:MI:SSXFF'),'Chonchi','1','9','0');
Insert into OLYMPUS.DJANGO_ADMIN_LOG (ID,ACTION_TIME,OBJECT_REPR,ACTION_FLAG,CONTENT_TYPE_ID,USER_ID) values ('338',to_timestamp('05/06/22 05:57:28,316617000','DD/MM/RR HH24:MI:SSXFF'),'Curaco de Velez','1','9','0');
Insert into OLYMPUS.DJANGO_ADMIN_LOG (ID,ACTION_TIME,OBJECT_REPR,ACTION_FLAG,CONTENT_TYPE_ID,USER_ID) values ('339',to_timestamp('05/06/22 05:57:34,327810000','DD/MM/RR HH24:MI:SSXFF'),'Dalcahue','1','9','0');
Insert into OLYMPUS.DJANGO_ADMIN_LOG (ID,ACTION_TIME,OBJECT_REPR,ACTION_FLAG,CONTENT_TYPE_ID,USER_ID) values ('340',to_timestamp('05/06/22 05:57:40,326740000','DD/MM/RR HH24:MI:SSXFF'),'Puqueldon','1','9','0');
Insert into OLYMPUS.DJANGO_ADMIN_LOG (ID,ACTION_TIME,OBJECT_REPR,ACTION_FLAG,CONTENT_TYPE_ID,USER_ID) values ('341',to_timestamp('05/06/22 05:57:47,254939000','DD/MM/RR HH24:MI:SSXFF'),'Queilen','1','9','0');
Insert into OLYMPUS.DJANGO_ADMIN_LOG (ID,ACTION_TIME,OBJECT_REPR,ACTION_FLAG,CONTENT_TYPE_ID,USER_ID) values ('342',to_timestamp('05/06/22 05:57:50,779060000','DD/MM/RR HH24:MI:SSXFF'),'Quellon','1','9','0');
Insert into OLYMPUS.DJANGO_ADMIN_LOG (ID,ACTION_TIME,OBJECT_REPR,ACTION_FLAG,CONTENT_TYPE_ID,USER_ID) values ('343',to_timestamp('05/06/22 05:57:57,005977000','DD/MM/RR HH24:MI:SSXFF'),'Quemchi','1','9','0');
Insert into OLYMPUS.DJANGO_ADMIN_LOG (ID,ACTION_TIME,OBJECT_REPR,ACTION_FLAG,CONTENT_TYPE_ID,USER_ID) values ('344',to_timestamp('05/06/22 05:58:02,898783000','DD/MM/RR HH24:MI:SSXFF'),'Quinchao','1','9','0');
Insert into OLYMPUS.DJANGO_ADMIN_LOG (ID,ACTION_TIME,OBJECT_REPR,ACTION_FLAG,CONTENT_TYPE_ID,USER_ID) values ('345',to_timestamp('05/06/22 05:58:06,170761000','DD/MM/RR HH24:MI:SSXFF'),'Chaiten','1','9','0');
Insert into OLYMPUS.DJANGO_ADMIN_LOG (ID,ACTION_TIME,OBJECT_REPR,ACTION_FLAG,CONTENT_TYPE_ID,USER_ID) values ('346',to_timestamp('05/06/22 05:58:10,217769000','DD/MM/RR HH24:MI:SSXFF'),'Futaleufu','1','9','0');
Insert into OLYMPUS.DJANGO_ADMIN_LOG (ID,ACTION_TIME,OBJECT_REPR,ACTION_FLAG,CONTENT_TYPE_ID,USER_ID) values ('347',to_timestamp('05/06/22 05:58:13,565498000','DD/MM/RR HH24:MI:SSXFF'),'Hualaihue','1','9','0');
Insert into OLYMPUS.DJANGO_ADMIN_LOG (ID,ACTION_TIME,OBJECT_REPR,ACTION_FLAG,CONTENT_TYPE_ID,USER_ID) values ('348',to_timestamp('05/06/22 05:58:17,648001000','DD/MM/RR HH24:MI:SSXFF'),'Palena','1','9','0');
Insert into OLYMPUS.DJANGO_ADMIN_LOG (ID,ACTION_TIME,OBJECT_REPR,ACTION_FLAG,CONTENT_TYPE_ID,USER_ID) values ('349',to_timestamp('05/06/22 05:58:22,265761000','DD/MM/RR HH24:MI:SSXFF'),'Lago Verde','1','9','0');
Insert into OLYMPUS.DJANGO_ADMIN_LOG (ID,ACTION_TIME,OBJECT_REPR,ACTION_FLAG,CONTENT_TYPE_ID,USER_ID) values ('350',to_timestamp('05/06/22 05:58:25,955977000','DD/MM/RR HH24:MI:SSXFF'),'Coihaique','1','9','0');
Insert into OLYMPUS.DJANGO_ADMIN_LOG (ID,ACTION_TIME,OBJECT_REPR,ACTION_FLAG,CONTENT_TYPE_ID,USER_ID) values ('351',to_timestamp('05/06/22 05:58:28,906710000','DD/MM/RR HH24:MI:SSXFF'),'Aysen','1','9','0');
Insert into OLYMPUS.DJANGO_ADMIN_LOG (ID,ACTION_TIME,OBJECT_REPR,ACTION_FLAG,CONTENT_TYPE_ID,USER_ID) values ('352',to_timestamp('05/06/22 05:58:32,513908000','DD/MM/RR HH24:MI:SSXFF'),'Cisnes','1','9','0');
Insert into OLYMPUS.DJANGO_ADMIN_LOG (ID,ACTION_TIME,OBJECT_REPR,ACTION_FLAG,CONTENT_TYPE_ID,USER_ID) values ('353',to_timestamp('05/06/22 05:58:37,286084000','DD/MM/RR HH24:MI:SSXFF'),'Guaitecas','1','9','0');
Insert into OLYMPUS.DJANGO_ADMIN_LOG (ID,ACTION_TIME,OBJECT_REPR,ACTION_FLAG,CONTENT_TYPE_ID,USER_ID) values ('354',to_timestamp('05/06/22 05:58:42,560385000','DD/MM/RR HH24:MI:SSXFF'),'Rio Ibaniez','1','9','0');
Insert into OLYMPUS.DJANGO_ADMIN_LOG (ID,ACTION_TIME,OBJECT_REPR,ACTION_FLAG,CONTENT_TYPE_ID,USER_ID) values ('355',to_timestamp('05/06/22 05:58:46,849503000','DD/MM/RR HH24:MI:SSXFF'),'Chile Chico','1','9','0');
Insert into OLYMPUS.DJANGO_ADMIN_LOG (ID,ACTION_TIME,OBJECT_REPR,ACTION_FLAG,CONTENT_TYPE_ID,USER_ID) values ('356',to_timestamp('05/06/22 05:58:50,420318000','DD/MM/RR HH24:MI:SSXFF'),'Cochrane','1','9','0');
Insert into OLYMPUS.DJANGO_ADMIN_LOG (ID,ACTION_TIME,OBJECT_REPR,ACTION_FLAG,CONTENT_TYPE_ID,USER_ID) values ('357',to_timestamp('05/06/22 05:58:55,149817000','DD/MM/RR HH24:MI:SSXFF'),'O Higgins','1','9','0');
Insert into OLYMPUS.DJANGO_ADMIN_LOG (ID,ACTION_TIME,OBJECT_REPR,ACTION_FLAG,CONTENT_TYPE_ID,USER_ID) values ('358',to_timestamp('05/06/22 05:58:58,848180000','DD/MM/RR HH24:MI:SSXFF'),'Tortel','1','9','0');
Insert into OLYMPUS.DJANGO_ADMIN_LOG (ID,ACTION_TIME,OBJECT_REPR,ACTION_FLAG,CONTENT_TYPE_ID,USER_ID) values ('359',to_timestamp('05/06/22 05:59:02,138561000','DD/MM/RR HH24:MI:SSXFF'),'Natales','1','9','0');
Insert into OLYMPUS.DJANGO_ADMIN_LOG (ID,ACTION_TIME,OBJECT_REPR,ACTION_FLAG,CONTENT_TYPE_ID,USER_ID) values ('360',to_timestamp('05/06/22 05:59:06,827145000','DD/MM/RR HH24:MI:SSXFF'),'Torres del Paine','1','9','0');
Insert into OLYMPUS.DJANGO_ADMIN_LOG (ID,ACTION_TIME,OBJECT_REPR,ACTION_FLAG,CONTENT_TYPE_ID,USER_ID) values ('361',to_timestamp('05/06/22 05:59:10,517996000','DD/MM/RR HH24:MI:SSXFF'),'Laguna Blanca','1','9','0');
Insert into OLYMPUS.DJANGO_ADMIN_LOG (ID,ACTION_TIME,OBJECT_REPR,ACTION_FLAG,CONTENT_TYPE_ID,USER_ID) values ('362',to_timestamp('05/06/22 05:59:14,205763000','DD/MM/RR HH24:MI:SSXFF'),'Punta Arenas','1','9','0');
Insert into OLYMPUS.DJANGO_ADMIN_LOG (ID,ACTION_TIME,OBJECT_REPR,ACTION_FLAG,CONTENT_TYPE_ID,USER_ID) values ('363',to_timestamp('05/06/22 05:59:18,806961000','DD/MM/RR HH24:MI:SSXFF'),'Rio Verde','1','9','0');
Insert into OLYMPUS.DJANGO_ADMIN_LOG (ID,ACTION_TIME,OBJECT_REPR,ACTION_FLAG,CONTENT_TYPE_ID,USER_ID) values ('364',to_timestamp('05/06/22 05:59:22,369032000','DD/MM/RR HH24:MI:SSXFF'),'San Gregorio','1','9','0');
Insert into OLYMPUS.DJANGO_ADMIN_LOG (ID,ACTION_TIME,OBJECT_REPR,ACTION_FLAG,CONTENT_TYPE_ID,USER_ID) values ('365',to_timestamp('05/06/22 05:59:25,767657000','DD/MM/RR HH24:MI:SSXFF'),'Porvenir','1','9','0');
Insert into OLYMPUS.DJANGO_ADMIN_LOG (ID,ACTION_TIME,OBJECT_REPR,ACTION_FLAG,CONTENT_TYPE_ID,USER_ID) values ('366',to_timestamp('05/06/22 05:59:30,564236000','DD/MM/RR HH24:MI:SSXFF'),'Primavera','1','9','0');
Insert into OLYMPUS.DJANGO_ADMIN_LOG (ID,ACTION_TIME,OBJECT_REPR,ACTION_FLAG,CONTENT_TYPE_ID,USER_ID) values ('367',to_timestamp('05/06/22 05:59:34,495325000','DD/MM/RR HH24:MI:SSXFF'),'Timaukel','1','9','0');
Insert into OLYMPUS.DJANGO_ADMIN_LOG (ID,ACTION_TIME,OBJECT_REPR,ACTION_FLAG,CONTENT_TYPE_ID,USER_ID) values ('368',to_timestamp('05/06/22 05:59:38,282835000','DD/MM/RR HH24:MI:SSXFF'),'Cabo de Hornos','1','9','0');
Insert into OLYMPUS.DJANGO_ADMIN_LOG (ID,ACTION_TIME,OBJECT_REPR,ACTION_FLAG,CONTENT_TYPE_ID,USER_ID) values ('369',to_timestamp('05/06/22 05:59:41,774470000','DD/MM/RR HH24:MI:SSXFF'),'Antartica','1','9','0');
Insert into OLYMPUS.DJANGO_ADMIN_LOG (ID,ACTION_TIME,OBJECT_REPR,ACTION_FLAG,CONTENT_TYPE_ID,USER_ID) values ('370',to_timestamp('05/06/22 05:59:45,832151000','DD/MM/RR HH24:MI:SSXFF'),'Lonquimay','1','9','0');
REM INSERTING into OLYMPUS.DJANGO_CONTENT_TYPE
SET DEFINE OFF;
Insert into OLYMPUS.DJANGO_CONTENT_TYPE (ID,APP_LABEL,MODEL) values ('1','admin','logentry');
Insert into OLYMPUS.DJANGO_CONTENT_TYPE (ID,APP_LABEL,MODEL) values ('2','auth','permission');
Insert into OLYMPUS.DJANGO_CONTENT_TYPE (ID,APP_LABEL,MODEL) values ('3','auth','group');
Insert into OLYMPUS.DJANGO_CONTENT_TYPE (ID,APP_LABEL,MODEL) values ('4','contenttypes','contenttype');
Insert into OLYMPUS.DJANGO_CONTENT_TYPE (ID,APP_LABEL,MODEL) values ('5','sessions','session');
Insert into OLYMPUS.DJANGO_CONTENT_TYPE (ID,APP_LABEL,MODEL) values ('6','core','categoria');
Insert into OLYMPUS.DJANGO_CONTENT_TYPE (ID,APP_LABEL,MODEL) values ('7','core','estatus');
Insert into OLYMPUS.DJANGO_CONTENT_TYPE (ID,APP_LABEL,MODEL) values ('8','core','producto');
Insert into OLYMPUS.DJANGO_CONTENT_TYPE (ID,APP_LABEL,MODEL) values ('9','users','comuna');
Insert into OLYMPUS.DJANGO_CONTENT_TYPE (ID,APP_LABEL,MODEL) values ('10','users','region');
Insert into OLYMPUS.DJANGO_CONTENT_TYPE (ID,APP_LABEL,MODEL) values ('11','users','direccion');
Insert into OLYMPUS.DJANGO_CONTENT_TYPE (ID,APP_LABEL,MODEL) values ('12','users','userprofile');
Insert into OLYMPUS.DJANGO_CONTENT_TYPE (ID,APP_LABEL,MODEL) values ('21','authtoken','token');
Insert into OLYMPUS.DJANGO_CONTENT_TYPE (ID,APP_LABEL,MODEL) values ('22','authtoken','tokenproxy');
REM INSERTING into OLYMPUS.DJANGO_MIGRATIONS
SET DEFINE OFF;
Insert into OLYMPUS.DJANGO_MIGRATIONS (ID,APP,NAME,APPLIED) values ('1','contenttypes','0001_initial',to_timestamp('06/06/22 19:58:07,545447000','DD/MM/RR HH24:MI:SSXFF'));
Insert into OLYMPUS.DJANGO_MIGRATIONS (ID,APP,NAME,APPLIED) values ('2','contenttypes','0002_remove_content_type_name',to_timestamp('06/06/22 19:58:07,603293000','DD/MM/RR HH24:MI:SSXFF'));
Insert into OLYMPUS.DJANGO_MIGRATIONS (ID,APP,NAME,APPLIED) values ('3','auth','0001_initial',to_timestamp('06/06/22 19:58:07,742919000','DD/MM/RR HH24:MI:SSXFF'));
Insert into OLYMPUS.DJANGO_MIGRATIONS (ID,APP,NAME,APPLIED) values ('4','auth','0002_alter_permission_name_max_length',to_timestamp('06/06/22 19:58:07,780818000','DD/MM/RR HH24:MI:SSXFF'));
Insert into OLYMPUS.DJANGO_MIGRATIONS (ID,APP,NAME,APPLIED) values ('5','auth','0003_alter_user_email_max_length',to_timestamp('06/06/22 19:58:07,809740000','DD/MM/RR HH24:MI:SSXFF'));
Insert into OLYMPUS.DJANGO_MIGRATIONS (ID,APP,NAME,APPLIED) values ('6','auth','0004_alter_user_username_opts',to_timestamp('06/06/22 19:58:07,835671000','DD/MM/RR HH24:MI:SSXFF'));
Insert into OLYMPUS.DJANGO_MIGRATIONS (ID,APP,NAME,APPLIED) values ('7','auth','0005_alter_user_last_login_null',to_timestamp('06/06/22 19:58:07,869583000','DD/MM/RR HH24:MI:SSXFF'));
Insert into OLYMPUS.DJANGO_MIGRATIONS (ID,APP,NAME,APPLIED) values ('8','auth','0006_require_contenttypes_0002',to_timestamp('06/06/22 19:58:07,898503000','DD/MM/RR HH24:MI:SSXFF'));
Insert into OLYMPUS.DJANGO_MIGRATIONS (ID,APP,NAME,APPLIED) values ('9','auth','0007_alter_validators_add_error_messages',to_timestamp('06/06/22 19:58:07,938396000','DD/MM/RR HH24:MI:SSXFF'));
Insert into OLYMPUS.DJANGO_MIGRATIONS (ID,APP,NAME,APPLIED) values ('10','auth','0008_alter_user_username_max_length',to_timestamp('06/06/22 19:58:07,976297000','DD/MM/RR HH24:MI:SSXFF'));
Insert into OLYMPUS.DJANGO_MIGRATIONS (ID,APP,NAME,APPLIED) values ('11','auth','0009_alter_user_last_name_max_length',to_timestamp('06/06/22 19:58:08,010205000','DD/MM/RR HH24:MI:SSXFF'));
Insert into OLYMPUS.DJANGO_MIGRATIONS (ID,APP,NAME,APPLIED) values ('12','auth','0010_alter_group_name_max_length',to_timestamp('06/06/22 19:58:08,057081000','DD/MM/RR HH24:MI:SSXFF'));
Insert into OLYMPUS.DJANGO_MIGRATIONS (ID,APP,NAME,APPLIED) values ('13','auth','0011_update_proxy_permissions',to_timestamp('06/06/22 19:58:08,090989000','DD/MM/RR HH24:MI:SSXFF'));
Insert into OLYMPUS.DJANGO_MIGRATIONS (ID,APP,NAME,APPLIED) values ('14','auth','0012_alter_user_first_name_max_length',to_timestamp('06/06/22 19:58:08,125896000','DD/MM/RR HH24:MI:SSXFF'));
Insert into OLYMPUS.DJANGO_MIGRATIONS (ID,APP,NAME,APPLIED) values ('15','users','0001_initial',to_timestamp('06/06/22 19:58:08,375228000','DD/MM/RR HH24:MI:SSXFF'));
Insert into OLYMPUS.DJANGO_MIGRATIONS (ID,APP,NAME,APPLIED) values ('16','admin','0001_initial',to_timestamp('06/06/22 19:58:08,469975000','DD/MM/RR HH24:MI:SSXFF'));
Insert into OLYMPUS.DJANGO_MIGRATIONS (ID,APP,NAME,APPLIED) values ('17','admin','0002_logentry_remove_auto_add',to_timestamp('06/06/22 19:58:08,507875000','DD/MM/RR HH24:MI:SSXFF'));
Insert into OLYMPUS.DJANGO_MIGRATIONS (ID,APP,NAME,APPLIED) values ('18','admin','0003_logentry_add_action_flag_choices',to_timestamp('06/06/22 19:58:08,542780000','DD/MM/RR HH24:MI:SSXFF'));
Insert into OLYMPUS.DJANGO_MIGRATIONS (ID,APP,NAME,APPLIED) values ('19','core','0001_initial',to_timestamp('06/06/22 19:58:08,638523000','DD/MM/RR HH24:MI:SSXFF'));
Insert into OLYMPUS.DJANGO_MIGRATIONS (ID,APP,NAME,APPLIED) values ('20','sessions','0001_initial',to_timestamp('06/06/22 19:58:08,683920000','DD/MM/RR HH24:MI:SSXFF'));
Insert into OLYMPUS.DJANGO_MIGRATIONS (ID,APP,NAME,APPLIED) values ('21','authtoken','0001_initial',to_timestamp('21/06/22 02:29:34,551501000','DD/MM/RR HH24:MI:SSXFF'));
Insert into OLYMPUS.DJANGO_MIGRATIONS (ID,APP,NAME,APPLIED) values ('22','authtoken','0002_auto_20160226_1747',to_timestamp('21/06/22 02:29:34,613336000','DD/MM/RR HH24:MI:SSXFF'));
Insert into OLYMPUS.DJANGO_MIGRATIONS (ID,APP,NAME,APPLIED) values ('23','authtoken','0003_tokenproxy',to_timestamp('21/06/22 02:29:34,635279000','DD/MM/RR HH24:MI:SSXFF'));
Insert into OLYMPUS.DJANGO_MIGRATIONS (ID,APP,NAME,APPLIED) values ('24','users','0002_remove_userprofile_apellidoma',to_timestamp('21/06/22 02:43:03,782071000','DD/MM/RR HH24:MI:SSXFF'));
REM INSERTING into OLYMPUS.DJANGO_SESSION
SET DEFINE OFF;
Insert into OLYMPUS.DJANGO_SESSION (SESSION_KEY,EXPIRE_DATE) values ('1shwgnpz0sa0zgckdf6row43o8tdx7i7',to_timestamp('20/06/22 17:09:17,085374000','DD/MM/RR HH24:MI:SSXFF'));
Insert into OLYMPUS.DJANGO_SESSION (SESSION_KEY,EXPIRE_DATE) values ('66y5v6dycki78xlljl6y22pkle2owi84',to_timestamp('20/06/22 20:01:51,472287000','DD/MM/RR HH24:MI:SSXFF'));
Insert into OLYMPUS.DJANGO_SESSION (SESSION_KEY,EXPIRE_DATE) values ('c9cypa7a4ky6h1tr2ywmx7gsyp9dibxr',to_timestamp('05/07/22 02:53:33,900925000','DD/MM/RR HH24:MI:SSXFF'));
Insert into OLYMPUS.DJANGO_SESSION (SESSION_KEY,EXPIRE_DATE) values ('lo1zh85x6wpvgl3n6clsii3kzdqwy68b',to_timestamp('06/07/22 00:12:39,202529000','DD/MM/RR HH24:MI:SSXFF'));
Insert into OLYMPUS.DJANGO_SESSION (SESSION_KEY,EXPIRE_DATE) values ('nlfkcpo9zt5zcud6rociuvl6xtxs7a42',to_timestamp('19/06/22 05:59:45,924088000','DD/MM/RR HH24:MI:SSXFF'));
Insert into OLYMPUS.DJANGO_SESSION (SESSION_KEY,EXPIRE_DATE) values ('nyzugvyq96le6b9wynoz1lljhaxpilcf',to_timestamp('20/06/22 04:54:02,000275000','DD/MM/RR HH24:MI:SSXFF'));
Insert into OLYMPUS.DJANGO_SESSION (SESSION_KEY,EXPIRE_DATE) values ('qpm3hk6amfxxbgzb4fnwv06gehympqe0',to_timestamp('05/07/22 23:39:26,332985000','DD/MM/RR HH24:MI:SSXFF'));
REM INSERTING into OLYMPUS.USERS_COMUNA
SET DEFINE OFF;
Insert into OLYMPUS.USERS_COMUNA (IDCOMUNA,NOMBRE,REGION_ID) values ('1','Arica','1');
Insert into OLYMPUS.USERS_COMUNA (IDCOMUNA,NOMBRE,REGION_ID) values ('2','Camarones','1');
Insert into OLYMPUS.USERS_COMUNA (IDCOMUNA,NOMBRE,REGION_ID) values ('3','General Lagos','1');
Insert into OLYMPUS.USERS_COMUNA (IDCOMUNA,NOMBRE,REGION_ID) values ('4','Putre','1');
Insert into OLYMPUS.USERS_COMUNA (IDCOMUNA,NOMBRE,REGION_ID) values ('5','Alto Hospicio','2');
Insert into OLYMPUS.USERS_COMUNA (IDCOMUNA,NOMBRE,REGION_ID) values ('6','Iquique','2');
Insert into OLYMPUS.USERS_COMUNA (IDCOMUNA,NOMBRE,REGION_ID) values ('7','Caminia','2');
Insert into OLYMPUS.USERS_COMUNA (IDCOMUNA,NOMBRE,REGION_ID) values ('8','Colchane','2');
Insert into OLYMPUS.USERS_COMUNA (IDCOMUNA,NOMBRE,REGION_ID) values ('9','Huara','2');
Insert into OLYMPUS.USERS_COMUNA (IDCOMUNA,NOMBRE,REGION_ID) values ('10','Pica','2');
Insert into OLYMPUS.USERS_COMUNA (IDCOMUNA,NOMBRE,REGION_ID) values ('11','Pozo Almonte','2');
Insert into OLYMPUS.USERS_COMUNA (IDCOMUNA,NOMBRE,REGION_ID) values ('12','Tocopilla','3');
Insert into OLYMPUS.USERS_COMUNA (IDCOMUNA,NOMBRE,REGION_ID) values ('13','Maria Elena','3');
Insert into OLYMPUS.USERS_COMUNA (IDCOMUNA,NOMBRE,REGION_ID) values ('14','Calama','3');
Insert into OLYMPUS.USERS_COMUNA (IDCOMUNA,NOMBRE,REGION_ID) values ('15','Ollague','3');
Insert into OLYMPUS.USERS_COMUNA (IDCOMUNA,NOMBRE,REGION_ID) values ('16','San Pedro de Atacama','3');
Insert into OLYMPUS.USERS_COMUNA (IDCOMUNA,NOMBRE,REGION_ID) values ('17','Antofagasta','3');
Insert into OLYMPUS.USERS_COMUNA (IDCOMUNA,NOMBRE,REGION_ID) values ('18','Mejillones','3');
Insert into OLYMPUS.USERS_COMUNA (IDCOMUNA,NOMBRE,REGION_ID) values ('19','Sierra Gorda','3');
Insert into OLYMPUS.USERS_COMUNA (IDCOMUNA,NOMBRE,REGION_ID) values ('20','Taltal','3');
Insert into OLYMPUS.USERS_COMUNA (IDCOMUNA,NOMBRE,REGION_ID) values ('21','Chaniaral','4');
Insert into OLYMPUS.USERS_COMUNA (IDCOMUNA,NOMBRE,REGION_ID) values ('22','Diego de Almagro','4');
Insert into OLYMPUS.USERS_COMUNA (IDCOMUNA,NOMBRE,REGION_ID) values ('23','Copiapo','4');
Insert into OLYMPUS.USERS_COMUNA (IDCOMUNA,NOMBRE,REGION_ID) values ('24','Caldera','4');
Insert into OLYMPUS.USERS_COMUNA (IDCOMUNA,NOMBRE,REGION_ID) values ('25','Tierra Amarilla','4');
Insert into OLYMPUS.USERS_COMUNA (IDCOMUNA,NOMBRE,REGION_ID) values ('26','Vallenar','4');
Insert into OLYMPUS.USERS_COMUNA (IDCOMUNA,NOMBRE,REGION_ID) values ('27','Alto del Carmen','4');
Insert into OLYMPUS.USERS_COMUNA (IDCOMUNA,NOMBRE,REGION_ID) values ('28','Freirina','4');
Insert into OLYMPUS.USERS_COMUNA (IDCOMUNA,NOMBRE,REGION_ID) values ('29','Huasco','4');
Insert into OLYMPUS.USERS_COMUNA (IDCOMUNA,NOMBRE,REGION_ID) values ('30','La Serena','5');
Insert into OLYMPUS.USERS_COMUNA (IDCOMUNA,NOMBRE,REGION_ID) values ('31','Coquimbo','5');
Insert into OLYMPUS.USERS_COMUNA (IDCOMUNA,NOMBRE,REGION_ID) values ('32','Andacollo','5');
Insert into OLYMPUS.USERS_COMUNA (IDCOMUNA,NOMBRE,REGION_ID) values ('33','La Higuera','5');
Insert into OLYMPUS.USERS_COMUNA (IDCOMUNA,NOMBRE,REGION_ID) values ('34','Paihuano','5');
Insert into OLYMPUS.USERS_COMUNA (IDCOMUNA,NOMBRE,REGION_ID) values ('35','Vicunia','5');
Insert into OLYMPUS.USERS_COMUNA (IDCOMUNA,NOMBRE,REGION_ID) values ('36','Ovalle','5');
Insert into OLYMPUS.USERS_COMUNA (IDCOMUNA,NOMBRE,REGION_ID) values ('37','Combarbala','5');
Insert into OLYMPUS.USERS_COMUNA (IDCOMUNA,NOMBRE,REGION_ID) values ('38','Monte Patria','5');
Insert into OLYMPUS.USERS_COMUNA (IDCOMUNA,NOMBRE,REGION_ID) values ('39','Punitaqui','5');
Insert into OLYMPUS.USERS_COMUNA (IDCOMUNA,NOMBRE,REGION_ID) values ('40','Rio Hurtado','5');
Insert into OLYMPUS.USERS_COMUNA (IDCOMUNA,NOMBRE,REGION_ID) values ('41','Illapel','5');
Insert into OLYMPUS.USERS_COMUNA (IDCOMUNA,NOMBRE,REGION_ID) values ('42','Canela','5');
Insert into OLYMPUS.USERS_COMUNA (IDCOMUNA,NOMBRE,REGION_ID) values ('43','Los Vilos','5');
Insert into OLYMPUS.USERS_COMUNA (IDCOMUNA,NOMBRE,REGION_ID) values ('44','Salamanca','5');
Insert into OLYMPUS.USERS_COMUNA (IDCOMUNA,NOMBRE,REGION_ID) values ('45','La Ligua','6');
Insert into OLYMPUS.USERS_COMUNA (IDCOMUNA,NOMBRE,REGION_ID) values ('46','Cabildo','6');
Insert into OLYMPUS.USERS_COMUNA (IDCOMUNA,NOMBRE,REGION_ID) values ('47','Zapallar','6');
Insert into OLYMPUS.USERS_COMUNA (IDCOMUNA,NOMBRE,REGION_ID) values ('48','Papudo','6');
Insert into OLYMPUS.USERS_COMUNA (IDCOMUNA,NOMBRE,REGION_ID) values ('49','Petorca','6');
Insert into OLYMPUS.USERS_COMUNA (IDCOMUNA,NOMBRE,REGION_ID) values ('50','Los Andes','6');
Insert into OLYMPUS.USERS_COMUNA (IDCOMUNA,NOMBRE,REGION_ID) values ('51','San Esteban','6');
Insert into OLYMPUS.USERS_COMUNA (IDCOMUNA,NOMBRE,REGION_ID) values ('52','Calle Larga','6');
Insert into OLYMPUS.USERS_COMUNA (IDCOMUNA,NOMBRE,REGION_ID) values ('53','Rinconada','6');
Insert into OLYMPUS.USERS_COMUNA (IDCOMUNA,NOMBRE,REGION_ID) values ('54','San Felipe','6');
Insert into OLYMPUS.USERS_COMUNA (IDCOMUNA,NOMBRE,REGION_ID) values ('55','Llaillay','6');
Insert into OLYMPUS.USERS_COMUNA (IDCOMUNA,NOMBRE,REGION_ID) values ('56','Putaendo','6');
Insert into OLYMPUS.USERS_COMUNA (IDCOMUNA,NOMBRE,REGION_ID) values ('57','Santa Maria','6');
Insert into OLYMPUS.USERS_COMUNA (IDCOMUNA,NOMBRE,REGION_ID) values ('58','Catemu','6');
Insert into OLYMPUS.USERS_COMUNA (IDCOMUNA,NOMBRE,REGION_ID) values ('59','Panquehue','6');
Insert into OLYMPUS.USERS_COMUNA (IDCOMUNA,NOMBRE,REGION_ID) values ('60','Quillota','6');
Insert into OLYMPUS.USERS_COMUNA (IDCOMUNA,NOMBRE,REGION_ID) values ('61','La Cruz','6');
Insert into OLYMPUS.USERS_COMUNA (IDCOMUNA,NOMBRE,REGION_ID) values ('62','La Calera','6');
Insert into OLYMPUS.USERS_COMUNA (IDCOMUNA,NOMBRE,REGION_ID) values ('63','Nogales','6');
Insert into OLYMPUS.USERS_COMUNA (IDCOMUNA,NOMBRE,REGION_ID) values ('64','Hijuelas','6');
Insert into OLYMPUS.USERS_COMUNA (IDCOMUNA,NOMBRE,REGION_ID) values ('65','Valparaiso','6');
Insert into OLYMPUS.USERS_COMUNA (IDCOMUNA,NOMBRE,REGION_ID) values ('66','Vinia del Mar','6');
Insert into OLYMPUS.USERS_COMUNA (IDCOMUNA,NOMBRE,REGION_ID) values ('67','Concon','6');
Insert into OLYMPUS.USERS_COMUNA (IDCOMUNA,NOMBRE,REGION_ID) values ('68','Quintero','6');
Insert into OLYMPUS.USERS_COMUNA (IDCOMUNA,NOMBRE,REGION_ID) values ('69','Puchuncavi','6');
Insert into OLYMPUS.USERS_COMUNA (IDCOMUNA,NOMBRE,REGION_ID) values ('70','Casablanca','6');
Insert into OLYMPUS.USERS_COMUNA (IDCOMUNA,NOMBRE,REGION_ID) values ('71','Juan Fernandez','6');
Insert into OLYMPUS.USERS_COMUNA (IDCOMUNA,NOMBRE,REGION_ID) values ('72','San Antonio','6');
Insert into OLYMPUS.USERS_COMUNA (IDCOMUNA,NOMBRE,REGION_ID) values ('73','Cartagena','6');
Insert into OLYMPUS.USERS_COMUNA (IDCOMUNA,NOMBRE,REGION_ID) values ('74','El Tabo','6');
Insert into OLYMPUS.USERS_COMUNA (IDCOMUNA,NOMBRE,REGION_ID) values ('75','El Quisco','6');
Insert into OLYMPUS.USERS_COMUNA (IDCOMUNA,NOMBRE,REGION_ID) values ('76','Algarrobo','6');
Insert into OLYMPUS.USERS_COMUNA (IDCOMUNA,NOMBRE,REGION_ID) values ('77','Santo Domingo','6');
Insert into OLYMPUS.USERS_COMUNA (IDCOMUNA,NOMBRE,REGION_ID) values ('78','Isla de Pascua','6');
Insert into OLYMPUS.USERS_COMUNA (IDCOMUNA,NOMBRE,REGION_ID) values ('79','Quilpue','6');
Insert into OLYMPUS.USERS_COMUNA (IDCOMUNA,NOMBRE,REGION_ID) values ('80','Limache','6');
Insert into OLYMPUS.USERS_COMUNA (IDCOMUNA,NOMBRE,REGION_ID) values ('81','Olmue','6');
Insert into OLYMPUS.USERS_COMUNA (IDCOMUNA,NOMBRE,REGION_ID) values ('82','Villa Alemana','6');
Insert into OLYMPUS.USERS_COMUNA (IDCOMUNA,NOMBRE,REGION_ID) values ('83','Colina','7');
Insert into OLYMPUS.USERS_COMUNA (IDCOMUNA,NOMBRE,REGION_ID) values ('84','Lampa','7');
Insert into OLYMPUS.USERS_COMUNA (IDCOMUNA,NOMBRE,REGION_ID) values ('85','Tiltil','7');
Insert into OLYMPUS.USERS_COMUNA (IDCOMUNA,NOMBRE,REGION_ID) values ('86','Santiago','7');
Insert into OLYMPUS.USERS_COMUNA (IDCOMUNA,NOMBRE,REGION_ID) values ('87','Vitacura','7');
Insert into OLYMPUS.USERS_COMUNA (IDCOMUNA,NOMBRE,REGION_ID) values ('88','San Ramon','7');
Insert into OLYMPUS.USERS_COMUNA (IDCOMUNA,NOMBRE,REGION_ID) values ('89','San Miguel','7');
Insert into OLYMPUS.USERS_COMUNA (IDCOMUNA,NOMBRE,REGION_ID) values ('90','San Joaquin','7');
Insert into OLYMPUS.USERS_COMUNA (IDCOMUNA,NOMBRE,REGION_ID) values ('91','Renca','7');
Insert into OLYMPUS.USERS_COMUNA (IDCOMUNA,NOMBRE,REGION_ID) values ('92','Recoleta','7');
Insert into OLYMPUS.USERS_COMUNA (IDCOMUNA,NOMBRE,REGION_ID) values ('93','Quinta Normal','7');
Insert into OLYMPUS.USERS_COMUNA (IDCOMUNA,NOMBRE,REGION_ID) values ('94','Quilicura','7');
Insert into OLYMPUS.USERS_COMUNA (IDCOMUNA,NOMBRE,REGION_ID) values ('95','Pudahuel','7');
Insert into OLYMPUS.USERS_COMUNA (IDCOMUNA,NOMBRE,REGION_ID) values ('96','Providencia','7');
Insert into OLYMPUS.USERS_COMUNA (IDCOMUNA,NOMBRE,REGION_ID) values ('97','Penialolen','7');
Insert into OLYMPUS.USERS_COMUNA (IDCOMUNA,NOMBRE,REGION_ID) values ('98','Pedro Aguirre Cerda','7');
Insert into OLYMPUS.USERS_COMUNA (IDCOMUNA,NOMBRE,REGION_ID) values ('99','niunioa','7');
Insert into OLYMPUS.USERS_COMUNA (IDCOMUNA,NOMBRE,REGION_ID) values ('100','Maipu','7');
Insert into OLYMPUS.USERS_COMUNA (IDCOMUNA,NOMBRE,REGION_ID) values ('101','Macul','7');
Insert into OLYMPUS.USERS_COMUNA (IDCOMUNA,NOMBRE,REGION_ID) values ('102','Lo Prado','7');
Insert into OLYMPUS.USERS_COMUNA (IDCOMUNA,NOMBRE,REGION_ID) values ('103','Lo Espejo','7');
Insert into OLYMPUS.USERS_COMUNA (IDCOMUNA,NOMBRE,REGION_ID) values ('104','Lo Barnechea','7');
Insert into OLYMPUS.USERS_COMUNA (IDCOMUNA,NOMBRE,REGION_ID) values ('105','Las Condes','7');
Insert into OLYMPUS.USERS_COMUNA (IDCOMUNA,NOMBRE,REGION_ID) values ('106','La Reina','7');
Insert into OLYMPUS.USERS_COMUNA (IDCOMUNA,NOMBRE,REGION_ID) values ('107','La Pintana','7');
Insert into OLYMPUS.USERS_COMUNA (IDCOMUNA,NOMBRE,REGION_ID) values ('108','La Granja','7');
Insert into OLYMPUS.USERS_COMUNA (IDCOMUNA,NOMBRE,REGION_ID) values ('109','La Florida','7');
Insert into OLYMPUS.USERS_COMUNA (IDCOMUNA,NOMBRE,REGION_ID) values ('110','La Cisterna','7');
Insert into OLYMPUS.USERS_COMUNA (IDCOMUNA,NOMBRE,REGION_ID) values ('111','Independencia','7');
Insert into OLYMPUS.USERS_COMUNA (IDCOMUNA,NOMBRE,REGION_ID) values ('112','Huechuraba','7');
Insert into OLYMPUS.USERS_COMUNA (IDCOMUNA,NOMBRE,REGION_ID) values ('113','Estacion Central','7');
Insert into OLYMPUS.USERS_COMUNA (IDCOMUNA,NOMBRE,REGION_ID) values ('114','El Bosque','7');
Insert into OLYMPUS.USERS_COMUNA (IDCOMUNA,NOMBRE,REGION_ID) values ('115','Conchali','7');
Insert into OLYMPUS.USERS_COMUNA (IDCOMUNA,NOMBRE,REGION_ID) values ('116','Cerro Navia','7');
Insert into OLYMPUS.USERS_COMUNA (IDCOMUNA,NOMBRE,REGION_ID) values ('117','Cerrillos','7');
Insert into OLYMPUS.USERS_COMUNA (IDCOMUNA,NOMBRE,REGION_ID) values ('118','Puente Alto','7');
Insert into OLYMPUS.USERS_COMUNA (IDCOMUNA,NOMBRE,REGION_ID) values ('119','San Jose de Maipo','7');
Insert into OLYMPUS.USERS_COMUNA (IDCOMUNA,NOMBRE,REGION_ID) values ('120','Pirque','7');
Insert into OLYMPUS.USERS_COMUNA (IDCOMUNA,NOMBRE,REGION_ID) values ('121','San Bernardo','7');
Insert into OLYMPUS.USERS_COMUNA (IDCOMUNA,NOMBRE,REGION_ID) values ('122','Buin','7');
Insert into OLYMPUS.USERS_COMUNA (IDCOMUNA,NOMBRE,REGION_ID) values ('123','Paine','7');
Insert into OLYMPUS.USERS_COMUNA (IDCOMUNA,NOMBRE,REGION_ID) values ('124','Calera de Tango','7');
Insert into OLYMPUS.USERS_COMUNA (IDCOMUNA,NOMBRE,REGION_ID) values ('125','Melipilla','7');
Insert into OLYMPUS.USERS_COMUNA (IDCOMUNA,NOMBRE,REGION_ID) values ('126','Alhue','7');
Insert into OLYMPUS.USERS_COMUNA (IDCOMUNA,NOMBRE,REGION_ID) values ('127','Curacavi','7');
Insert into OLYMPUS.USERS_COMUNA (IDCOMUNA,NOMBRE,REGION_ID) values ('128','Maria Pinto','7');
Insert into OLYMPUS.USERS_COMUNA (IDCOMUNA,NOMBRE,REGION_ID) values ('129','San Pedro','7');
Insert into OLYMPUS.USERS_COMUNA (IDCOMUNA,NOMBRE,REGION_ID) values ('130','Isla de Maipo','7');
Insert into OLYMPUS.USERS_COMUNA (IDCOMUNA,NOMBRE,REGION_ID) values ('131','El Monte','7');
Insert into OLYMPUS.USERS_COMUNA (IDCOMUNA,NOMBRE,REGION_ID) values ('132','Padre Hurtado','7');
Insert into OLYMPUS.USERS_COMUNA (IDCOMUNA,NOMBRE,REGION_ID) values ('133','Peniaflor','7');
Insert into OLYMPUS.USERS_COMUNA (IDCOMUNA,NOMBRE,REGION_ID) values ('134','Talagante','7');
Insert into OLYMPUS.USERS_COMUNA (IDCOMUNA,NOMBRE,REGION_ID) values ('135','Codegua','8');
Insert into OLYMPUS.USERS_COMUNA (IDCOMUNA,NOMBRE,REGION_ID) values ('136','Coinco','8');
Insert into OLYMPUS.USERS_COMUNA (IDCOMUNA,NOMBRE,REGION_ID) values ('137','Coltauco','8');
Insert into OLYMPUS.USERS_COMUNA (IDCOMUNA,NOMBRE,REGION_ID) values ('138','Doniihue','8');
Insert into OLYMPUS.USERS_COMUNA (IDCOMUNA,NOMBRE,REGION_ID) values ('139','Graneros','8');
Insert into OLYMPUS.USERS_COMUNA (IDCOMUNA,NOMBRE,REGION_ID) values ('140','Las Cabras','8');
Insert into OLYMPUS.USERS_COMUNA (IDCOMUNA,NOMBRE,REGION_ID) values ('141','Machali','8');
Insert into OLYMPUS.USERS_COMUNA (IDCOMUNA,NOMBRE,REGION_ID) values ('142','Malloa','8');
Insert into OLYMPUS.USERS_COMUNA (IDCOMUNA,NOMBRE,REGION_ID) values ('143','Mostazal','8');
Insert into OLYMPUS.USERS_COMUNA (IDCOMUNA,NOMBRE,REGION_ID) values ('144','Olivar','8');
Insert into OLYMPUS.USERS_COMUNA (IDCOMUNA,NOMBRE,REGION_ID) values ('145','Peumo','8');
Insert into OLYMPUS.USERS_COMUNA (IDCOMUNA,NOMBRE,REGION_ID) values ('146','Pichidegua','8');
Insert into OLYMPUS.USERS_COMUNA (IDCOMUNA,NOMBRE,REGION_ID) values ('147','Quinta de Tilcoco','8');
Insert into OLYMPUS.USERS_COMUNA (IDCOMUNA,NOMBRE,REGION_ID) values ('148','Rancagua','8');
Insert into OLYMPUS.USERS_COMUNA (IDCOMUNA,NOMBRE,REGION_ID) values ('149','Rengo','8');
Insert into OLYMPUS.USERS_COMUNA (IDCOMUNA,NOMBRE,REGION_ID) values ('150','Requinoa','8');
Insert into OLYMPUS.USERS_COMUNA (IDCOMUNA,NOMBRE,REGION_ID) values ('151','San Vicente de Tagua Tagua','8');
Insert into OLYMPUS.USERS_COMUNA (IDCOMUNA,NOMBRE,REGION_ID) values ('152','Chepica','8');
Insert into OLYMPUS.USERS_COMUNA (IDCOMUNA,NOMBRE,REGION_ID) values ('153','Chimbarongo','8');
Insert into OLYMPUS.USERS_COMUNA (IDCOMUNA,NOMBRE,REGION_ID) values ('154','Lolol','8');
Insert into OLYMPUS.USERS_COMUNA (IDCOMUNA,NOMBRE,REGION_ID) values ('155','Nancagua','8');
Insert into OLYMPUS.USERS_COMUNA (IDCOMUNA,NOMBRE,REGION_ID) values ('156','Palmilla','8');
Insert into OLYMPUS.USERS_COMUNA (IDCOMUNA,NOMBRE,REGION_ID) values ('157','Peralillo','8');
Insert into OLYMPUS.USERS_COMUNA (IDCOMUNA,NOMBRE,REGION_ID) values ('158','Placilla','8');
Insert into OLYMPUS.USERS_COMUNA (IDCOMUNA,NOMBRE,REGION_ID) values ('159','Pumanque','8');
Insert into OLYMPUS.USERS_COMUNA (IDCOMUNA,NOMBRE,REGION_ID) values ('160','San Fernando','8');
Insert into OLYMPUS.USERS_COMUNA (IDCOMUNA,NOMBRE,REGION_ID) values ('161','Santa Cruz','8');
Insert into OLYMPUS.USERS_COMUNA (IDCOMUNA,NOMBRE,REGION_ID) values ('162','La Estrella','8');
Insert into OLYMPUS.USERS_COMUNA (IDCOMUNA,NOMBRE,REGION_ID) values ('163','Litueche','8');
Insert into OLYMPUS.USERS_COMUNA (IDCOMUNA,NOMBRE,REGION_ID) values ('164','Marchigüe','8');
Insert into OLYMPUS.USERS_COMUNA (IDCOMUNA,NOMBRE,REGION_ID) values ('165','Navidad','8');
Insert into OLYMPUS.USERS_COMUNA (IDCOMUNA,NOMBRE,REGION_ID) values ('166','Paredones','8');
Insert into OLYMPUS.USERS_COMUNA (IDCOMUNA,NOMBRE,REGION_ID) values ('167','Pichilemu','8');
Insert into OLYMPUS.USERS_COMUNA (IDCOMUNA,NOMBRE,REGION_ID) values ('168','Curico','9');
Insert into OLYMPUS.USERS_COMUNA (IDCOMUNA,NOMBRE,REGION_ID) values ('169','Hualanie','9');
Insert into OLYMPUS.USERS_COMUNA (IDCOMUNA,NOMBRE,REGION_ID) values ('170','Licanten','9');
Insert into OLYMPUS.USERS_COMUNA (IDCOMUNA,NOMBRE,REGION_ID) values ('171','Molina','9');
Insert into OLYMPUS.USERS_COMUNA (IDCOMUNA,NOMBRE,REGION_ID) values ('172','Rauco','9');
Insert into OLYMPUS.USERS_COMUNA (IDCOMUNA,NOMBRE,REGION_ID) values ('173','Romeral','9');
Insert into OLYMPUS.USERS_COMUNA (IDCOMUNA,NOMBRE,REGION_ID) values ('174','Sagrada Familia','9');
Insert into OLYMPUS.USERS_COMUNA (IDCOMUNA,NOMBRE,REGION_ID) values ('175','Teno','9');
Insert into OLYMPUS.USERS_COMUNA (IDCOMUNA,NOMBRE,REGION_ID) values ('176','Vichuquen','9');
Insert into OLYMPUS.USERS_COMUNA (IDCOMUNA,NOMBRE,REGION_ID) values ('177','Talca','9');
Insert into OLYMPUS.USERS_COMUNA (IDCOMUNA,NOMBRE,REGION_ID) values ('178','San Clemente','9');
Insert into OLYMPUS.USERS_COMUNA (IDCOMUNA,NOMBRE,REGION_ID) values ('179','Pelarco','9');
Insert into OLYMPUS.USERS_COMUNA (IDCOMUNA,NOMBRE,REGION_ID) values ('180','Pencahue','9');
Insert into OLYMPUS.USERS_COMUNA (IDCOMUNA,NOMBRE,REGION_ID) values ('181','Maule','9');
Insert into OLYMPUS.USERS_COMUNA (IDCOMUNA,NOMBRE,REGION_ID) values ('182','San Rafael','9');
Insert into OLYMPUS.USERS_COMUNA (IDCOMUNA,NOMBRE,REGION_ID) values ('183','Curepto','9');
Insert into OLYMPUS.USERS_COMUNA (IDCOMUNA,NOMBRE,REGION_ID) values ('184','Constitucion','9');
Insert into OLYMPUS.USERS_COMUNA (IDCOMUNA,NOMBRE,REGION_ID) values ('185','Empedrado','9');
Insert into OLYMPUS.USERS_COMUNA (IDCOMUNA,NOMBRE,REGION_ID) values ('186','Rio Claro','9');
Insert into OLYMPUS.USERS_COMUNA (IDCOMUNA,NOMBRE,REGION_ID) values ('187','Linares','9');
Insert into OLYMPUS.USERS_COMUNA (IDCOMUNA,NOMBRE,REGION_ID) values ('188','San Javier','9');
Insert into OLYMPUS.USERS_COMUNA (IDCOMUNA,NOMBRE,REGION_ID) values ('189','Parral','9');
Insert into OLYMPUS.USERS_COMUNA (IDCOMUNA,NOMBRE,REGION_ID) values ('190','Villa Alegre','9');
Insert into OLYMPUS.USERS_COMUNA (IDCOMUNA,NOMBRE,REGION_ID) values ('191','Longavi','9');
Insert into OLYMPUS.USERS_COMUNA (IDCOMUNA,NOMBRE,REGION_ID) values ('192','Colbun','9');
Insert into OLYMPUS.USERS_COMUNA (IDCOMUNA,NOMBRE,REGION_ID) values ('193','Retiro','9');
Insert into OLYMPUS.USERS_COMUNA (IDCOMUNA,NOMBRE,REGION_ID) values ('194','Yerbas Buenas','9');
Insert into OLYMPUS.USERS_COMUNA (IDCOMUNA,NOMBRE,REGION_ID) values ('195','Cauquenes','9');
Insert into OLYMPUS.USERS_COMUNA (IDCOMUNA,NOMBRE,REGION_ID) values ('196','Chanco','9');
Insert into OLYMPUS.USERS_COMUNA (IDCOMUNA,NOMBRE,REGION_ID) values ('197','Pelluhue','9');
Insert into OLYMPUS.USERS_COMUNA (IDCOMUNA,NOMBRE,REGION_ID) values ('198','Bulnes','10');
Insert into OLYMPUS.USERS_COMUNA (IDCOMUNA,NOMBRE,REGION_ID) values ('199','Chillan','10');
Insert into OLYMPUS.USERS_COMUNA (IDCOMUNA,NOMBRE,REGION_ID) values ('200','Chillan Viejo','10');
Insert into OLYMPUS.USERS_COMUNA (IDCOMUNA,NOMBRE,REGION_ID) values ('201','El Carmen','10');
Insert into OLYMPUS.USERS_COMUNA (IDCOMUNA,NOMBRE,REGION_ID) values ('202','Pemuco','10');
Insert into OLYMPUS.USERS_COMUNA (IDCOMUNA,NOMBRE,REGION_ID) values ('203','Pinto','10');
Insert into OLYMPUS.USERS_COMUNA (IDCOMUNA,NOMBRE,REGION_ID) values ('204','Quillon','10');
Insert into OLYMPUS.USERS_COMUNA (IDCOMUNA,NOMBRE,REGION_ID) values ('205','San Ignacio','10');
Insert into OLYMPUS.USERS_COMUNA (IDCOMUNA,NOMBRE,REGION_ID) values ('206','Yungay','10');
Insert into OLYMPUS.USERS_COMUNA (IDCOMUNA,NOMBRE,REGION_ID) values ('207','Cobquecura','10');
Insert into OLYMPUS.USERS_COMUNA (IDCOMUNA,NOMBRE,REGION_ID) values ('208','Coelemu','10');
Insert into OLYMPUS.USERS_COMUNA (IDCOMUNA,NOMBRE,REGION_ID) values ('209','Ninhue','10');
Insert into OLYMPUS.USERS_COMUNA (IDCOMUNA,NOMBRE,REGION_ID) values ('210','Portezuelo','10');
Insert into OLYMPUS.USERS_COMUNA (IDCOMUNA,NOMBRE,REGION_ID) values ('211','Quirihue','10');
Insert into OLYMPUS.USERS_COMUNA (IDCOMUNA,NOMBRE,REGION_ID) values ('212','Ranquil','10');
Insert into OLYMPUS.USERS_COMUNA (IDCOMUNA,NOMBRE,REGION_ID) values ('213','Treguaco','10');
Insert into OLYMPUS.USERS_COMUNA (IDCOMUNA,NOMBRE,REGION_ID) values ('214','San Carlos','10');
Insert into OLYMPUS.USERS_COMUNA (IDCOMUNA,NOMBRE,REGION_ID) values ('215','Coihueco','10');
Insert into OLYMPUS.USERS_COMUNA (IDCOMUNA,NOMBRE,REGION_ID) values ('216','San Nicolas','10');
Insert into OLYMPUS.USERS_COMUNA (IDCOMUNA,NOMBRE,REGION_ID) values ('217','niiquen','10');
Insert into OLYMPUS.USERS_COMUNA (IDCOMUNA,NOMBRE,REGION_ID) values ('218','San Fabian','10');
Insert into OLYMPUS.USERS_COMUNA (IDCOMUNA,NOMBRE,REGION_ID) values ('219','Alto Biobio','11');
Insert into OLYMPUS.USERS_COMUNA (IDCOMUNA,NOMBRE,REGION_ID) values ('220','Antuco','11');
Insert into OLYMPUS.USERS_COMUNA (IDCOMUNA,NOMBRE,REGION_ID) values ('221','Cabrero','11');
Insert into OLYMPUS.USERS_COMUNA (IDCOMUNA,NOMBRE,REGION_ID) values ('222','Laja','11');
Insert into OLYMPUS.USERS_COMUNA (IDCOMUNA,NOMBRE,REGION_ID) values ('223','Los angeles','11');
Insert into OLYMPUS.USERS_COMUNA (IDCOMUNA,NOMBRE,REGION_ID) values ('224','Mulchen','11');
Insert into OLYMPUS.USERS_COMUNA (IDCOMUNA,NOMBRE,REGION_ID) values ('225','Nacimiento','11');
Insert into OLYMPUS.USERS_COMUNA (IDCOMUNA,NOMBRE,REGION_ID) values ('226','Negrete','11');
Insert into OLYMPUS.USERS_COMUNA (IDCOMUNA,NOMBRE,REGION_ID) values ('227','Quilaco','11');
Insert into OLYMPUS.USERS_COMUNA (IDCOMUNA,NOMBRE,REGION_ID) values ('228','Quilleco','11');
Insert into OLYMPUS.USERS_COMUNA (IDCOMUNA,NOMBRE,REGION_ID) values ('229','San Rosendo','11');
Insert into OLYMPUS.USERS_COMUNA (IDCOMUNA,NOMBRE,REGION_ID) values ('230','Santa Barbara','11');
Insert into OLYMPUS.USERS_COMUNA (IDCOMUNA,NOMBRE,REGION_ID) values ('231','Tucapel','11');
Insert into OLYMPUS.USERS_COMUNA (IDCOMUNA,NOMBRE,REGION_ID) values ('232','Yumbel','11');
Insert into OLYMPUS.USERS_COMUNA (IDCOMUNA,NOMBRE,REGION_ID) values ('233','Concepcion','11');
Insert into OLYMPUS.USERS_COMUNA (IDCOMUNA,NOMBRE,REGION_ID) values ('234','Coronel','11');
Insert into OLYMPUS.USERS_COMUNA (IDCOMUNA,NOMBRE,REGION_ID) values ('235','Chiguayante','11');
Insert into OLYMPUS.USERS_COMUNA (IDCOMUNA,NOMBRE,REGION_ID) values ('236','Florida','11');
Insert into OLYMPUS.USERS_COMUNA (IDCOMUNA,NOMBRE,REGION_ID) values ('237','Hualpen','11');
Insert into OLYMPUS.USERS_COMUNA (IDCOMUNA,NOMBRE,REGION_ID) values ('238','Hualqui','11');
Insert into OLYMPUS.USERS_COMUNA (IDCOMUNA,NOMBRE,REGION_ID) values ('239','Lota','11');
Insert into OLYMPUS.USERS_COMUNA (IDCOMUNA,NOMBRE,REGION_ID) values ('240','Penco','11');
Insert into OLYMPUS.USERS_COMUNA (IDCOMUNA,NOMBRE,REGION_ID) values ('241','San Pedro de La Paz','11');
Insert into OLYMPUS.USERS_COMUNA (IDCOMUNA,NOMBRE,REGION_ID) values ('242','Santa Juana','11');
Insert into OLYMPUS.USERS_COMUNA (IDCOMUNA,NOMBRE,REGION_ID) values ('243','Talcahuano','11');
Insert into OLYMPUS.USERS_COMUNA (IDCOMUNA,NOMBRE,REGION_ID) values ('244','Tome','11');
Insert into OLYMPUS.USERS_COMUNA (IDCOMUNA,NOMBRE,REGION_ID) values ('245','Arauco','11');
Insert into OLYMPUS.USERS_COMUNA (IDCOMUNA,NOMBRE,REGION_ID) values ('246','Caniete','11');
Insert into OLYMPUS.USERS_COMUNA (IDCOMUNA,NOMBRE,REGION_ID) values ('247','Contulmo','11');
Insert into OLYMPUS.USERS_COMUNA (IDCOMUNA,NOMBRE,REGION_ID) values ('248','Curanilahue','11');
Insert into OLYMPUS.USERS_COMUNA (IDCOMUNA,NOMBRE,REGION_ID) values ('249','Lebu','11');
Insert into OLYMPUS.USERS_COMUNA (IDCOMUNA,NOMBRE,REGION_ID) values ('250','Los alamos','11');
Insert into OLYMPUS.USERS_COMUNA (IDCOMUNA,NOMBRE,REGION_ID) values ('251','Tirua','11');
Insert into OLYMPUS.USERS_COMUNA (IDCOMUNA,NOMBRE,REGION_ID) values ('252','Angol','12');
Insert into OLYMPUS.USERS_COMUNA (IDCOMUNA,NOMBRE,REGION_ID) values ('253','Collipulli','12');
Insert into OLYMPUS.USERS_COMUNA (IDCOMUNA,NOMBRE,REGION_ID) values ('254','Curacautin','12');
Insert into OLYMPUS.USERS_COMUNA (IDCOMUNA,NOMBRE,REGION_ID) values ('255','Ercilla','12');
Insert into OLYMPUS.USERS_COMUNA (IDCOMUNA,NOMBRE,REGION_ID) values ('256','Los Sauces','12');
Insert into OLYMPUS.USERS_COMUNA (IDCOMUNA,NOMBRE,REGION_ID) values ('257','Lumaco','12');
Insert into OLYMPUS.USERS_COMUNA (IDCOMUNA,NOMBRE,REGION_ID) values ('258','Puren','12');
Insert into OLYMPUS.USERS_COMUNA (IDCOMUNA,NOMBRE,REGION_ID) values ('259','Renaico','12');
Insert into OLYMPUS.USERS_COMUNA (IDCOMUNA,NOMBRE,REGION_ID) values ('260','Traiguen','12');
Insert into OLYMPUS.USERS_COMUNA (IDCOMUNA,NOMBRE,REGION_ID) values ('261','Victoria','12');
Insert into OLYMPUS.USERS_COMUNA (IDCOMUNA,NOMBRE,REGION_ID) values ('262','Temuco','12');
Insert into OLYMPUS.USERS_COMUNA (IDCOMUNA,NOMBRE,REGION_ID) values ('263','Carahue','12');
Insert into OLYMPUS.USERS_COMUNA (IDCOMUNA,NOMBRE,REGION_ID) values ('264','Cholchol','12');
Insert into OLYMPUS.USERS_COMUNA (IDCOMUNA,NOMBRE,REGION_ID) values ('265','Cunco','12');
Insert into OLYMPUS.USERS_COMUNA (IDCOMUNA,NOMBRE,REGION_ID) values ('266','Curarrehue','12');
Insert into OLYMPUS.USERS_COMUNA (IDCOMUNA,NOMBRE,REGION_ID) values ('267','Freire','12');
Insert into OLYMPUS.USERS_COMUNA (IDCOMUNA,NOMBRE,REGION_ID) values ('268','Galvarino','12');
Insert into OLYMPUS.USERS_COMUNA (IDCOMUNA,NOMBRE,REGION_ID) values ('269','Gorbea','12');
Insert into OLYMPUS.USERS_COMUNA (IDCOMUNA,NOMBRE,REGION_ID) values ('270','Lautaro','12');
Insert into OLYMPUS.USERS_COMUNA (IDCOMUNA,NOMBRE,REGION_ID) values ('271','Loncoche','12');
Insert into OLYMPUS.USERS_COMUNA (IDCOMUNA,NOMBRE,REGION_ID) values ('272','Melipeuco','12');
Insert into OLYMPUS.USERS_COMUNA (IDCOMUNA,NOMBRE,REGION_ID) values ('273','Nueva Imperial','12');
Insert into OLYMPUS.USERS_COMUNA (IDCOMUNA,NOMBRE,REGION_ID) values ('274','Padre Las Casas','12');
Insert into OLYMPUS.USERS_COMUNA (IDCOMUNA,NOMBRE,REGION_ID) values ('275','Perquenco','12');
Insert into OLYMPUS.USERS_COMUNA (IDCOMUNA,NOMBRE,REGION_ID) values ('276','Pitrufquen','12');
Insert into OLYMPUS.USERS_COMUNA (IDCOMUNA,NOMBRE,REGION_ID) values ('277','Pucon','12');
Insert into OLYMPUS.USERS_COMUNA (IDCOMUNA,NOMBRE,REGION_ID) values ('278','Saavedra','12');
Insert into OLYMPUS.USERS_COMUNA (IDCOMUNA,NOMBRE,REGION_ID) values ('279','Teodoro Schmidt','12');
Insert into OLYMPUS.USERS_COMUNA (IDCOMUNA,NOMBRE,REGION_ID) values ('280','Tolten','12');
Insert into OLYMPUS.USERS_COMUNA (IDCOMUNA,NOMBRE,REGION_ID) values ('281','Vilcun','12');
Insert into OLYMPUS.USERS_COMUNA (IDCOMUNA,NOMBRE,REGION_ID) values ('282','Villarrica','12');
Insert into OLYMPUS.USERS_COMUNA (IDCOMUNA,NOMBRE,REGION_ID) values ('283','Valdivia','13');
Insert into OLYMPUS.USERS_COMUNA (IDCOMUNA,NOMBRE,REGION_ID) values ('284','Corral','13');
Insert into OLYMPUS.USERS_COMUNA (IDCOMUNA,NOMBRE,REGION_ID) values ('285','Lanco','13');
Insert into OLYMPUS.USERS_COMUNA (IDCOMUNA,NOMBRE,REGION_ID) values ('286','Los Lagos','13');
Insert into OLYMPUS.USERS_COMUNA (IDCOMUNA,NOMBRE,REGION_ID) values ('287','Mafil','13');
Insert into OLYMPUS.USERS_COMUNA (IDCOMUNA,NOMBRE,REGION_ID) values ('288','Mariquina','13');
Insert into OLYMPUS.USERS_COMUNA (IDCOMUNA,NOMBRE,REGION_ID) values ('289','Paillaco','13');
Insert into OLYMPUS.USERS_COMUNA (IDCOMUNA,NOMBRE,REGION_ID) values ('290','Panguipulli','13');
Insert into OLYMPUS.USERS_COMUNA (IDCOMUNA,NOMBRE,REGION_ID) values ('291','La Union','13');
Insert into OLYMPUS.USERS_COMUNA (IDCOMUNA,NOMBRE,REGION_ID) values ('292','Futrono','13');
Insert into OLYMPUS.USERS_COMUNA (IDCOMUNA,NOMBRE,REGION_ID) values ('293','Lago Ranco','13');
Insert into OLYMPUS.USERS_COMUNA (IDCOMUNA,NOMBRE,REGION_ID) values ('294','Rio Bueno','13');
Insert into OLYMPUS.USERS_COMUNA (IDCOMUNA,NOMBRE,REGION_ID) values ('295','Osorno','14');
Insert into OLYMPUS.USERS_COMUNA (IDCOMUNA,NOMBRE,REGION_ID) values ('296','Puerto Octay','14');
Insert into OLYMPUS.USERS_COMUNA (IDCOMUNA,NOMBRE,REGION_ID) values ('297','Purranque','14');
Insert into OLYMPUS.USERS_COMUNA (IDCOMUNA,NOMBRE,REGION_ID) values ('298','Puyehue','14');
Insert into OLYMPUS.USERS_COMUNA (IDCOMUNA,NOMBRE,REGION_ID) values ('299','Rio Negro','14');
Insert into OLYMPUS.USERS_COMUNA (IDCOMUNA,NOMBRE,REGION_ID) values ('300','San Juan de la Costa','14');
Insert into OLYMPUS.USERS_COMUNA (IDCOMUNA,NOMBRE,REGION_ID) values ('301','San Pablo','14');
Insert into OLYMPUS.USERS_COMUNA (IDCOMUNA,NOMBRE,REGION_ID) values ('302','Calbuco','14');
Insert into OLYMPUS.USERS_COMUNA (IDCOMUNA,NOMBRE,REGION_ID) values ('303','Cochamo','14');
Insert into OLYMPUS.USERS_COMUNA (IDCOMUNA,NOMBRE,REGION_ID) values ('304','Fresia','14');
Insert into OLYMPUS.USERS_COMUNA (IDCOMUNA,NOMBRE,REGION_ID) values ('305','Frutillar','14');
Insert into OLYMPUS.USERS_COMUNA (IDCOMUNA,NOMBRE,REGION_ID) values ('306','Llanquihue','14');
Insert into OLYMPUS.USERS_COMUNA (IDCOMUNA,NOMBRE,REGION_ID) values ('307','Los Muermos','14');
Insert into OLYMPUS.USERS_COMUNA (IDCOMUNA,NOMBRE,REGION_ID) values ('308','Maullin','14');
Insert into OLYMPUS.USERS_COMUNA (IDCOMUNA,NOMBRE,REGION_ID) values ('309','Puerto Montt','14');
Insert into OLYMPUS.USERS_COMUNA (IDCOMUNA,NOMBRE,REGION_ID) values ('310','Puerto Varas','14');
Insert into OLYMPUS.USERS_COMUNA (IDCOMUNA,NOMBRE,REGION_ID) values ('311','Ancud','14');
Insert into OLYMPUS.USERS_COMUNA (IDCOMUNA,NOMBRE,REGION_ID) values ('312','Castro','14');
Insert into OLYMPUS.USERS_COMUNA (IDCOMUNA,NOMBRE,REGION_ID) values ('313','Chonchi','14');
Insert into OLYMPUS.USERS_COMUNA (IDCOMUNA,NOMBRE,REGION_ID) values ('314','Curaco de Velez','14');
Insert into OLYMPUS.USERS_COMUNA (IDCOMUNA,NOMBRE,REGION_ID) values ('315','Dalcahue','14');
Insert into OLYMPUS.USERS_COMUNA (IDCOMUNA,NOMBRE,REGION_ID) values ('316','Puqueldon','14');
Insert into OLYMPUS.USERS_COMUNA (IDCOMUNA,NOMBRE,REGION_ID) values ('317','Queilen','14');
Insert into OLYMPUS.USERS_COMUNA (IDCOMUNA,NOMBRE,REGION_ID) values ('318','Quellon','14');
Insert into OLYMPUS.USERS_COMUNA (IDCOMUNA,NOMBRE,REGION_ID) values ('319','Quemchi','14');
Insert into OLYMPUS.USERS_COMUNA (IDCOMUNA,NOMBRE,REGION_ID) values ('320','Quinchao','14');
Insert into OLYMPUS.USERS_COMUNA (IDCOMUNA,NOMBRE,REGION_ID) values ('321','Chaiten','14');
Insert into OLYMPUS.USERS_COMUNA (IDCOMUNA,NOMBRE,REGION_ID) values ('322','Futaleufu','14');
Insert into OLYMPUS.USERS_COMUNA (IDCOMUNA,NOMBRE,REGION_ID) values ('323','Hualaihue','14');
Insert into OLYMPUS.USERS_COMUNA (IDCOMUNA,NOMBRE,REGION_ID) values ('324','Palena','14');
Insert into OLYMPUS.USERS_COMUNA (IDCOMUNA,NOMBRE,REGION_ID) values ('325','Lago Verde','15');
Insert into OLYMPUS.USERS_COMUNA (IDCOMUNA,NOMBRE,REGION_ID) values ('326','Coihaique','15');
Insert into OLYMPUS.USERS_COMUNA (IDCOMUNA,NOMBRE,REGION_ID) values ('327','Aysen','15');
Insert into OLYMPUS.USERS_COMUNA (IDCOMUNA,NOMBRE,REGION_ID) values ('328','Cisnes','15');
Insert into OLYMPUS.USERS_COMUNA (IDCOMUNA,NOMBRE,REGION_ID) values ('329','Guaitecas','15');
Insert into OLYMPUS.USERS_COMUNA (IDCOMUNA,NOMBRE,REGION_ID) values ('330','Rio Ibaniez','15');
Insert into OLYMPUS.USERS_COMUNA (IDCOMUNA,NOMBRE,REGION_ID) values ('331','Chile Chico','15');
Insert into OLYMPUS.USERS_COMUNA (IDCOMUNA,NOMBRE,REGION_ID) values ('332','Cochrane','15');
Insert into OLYMPUS.USERS_COMUNA (IDCOMUNA,NOMBRE,REGION_ID) values ('333','O Higgins','15');
Insert into OLYMPUS.USERS_COMUNA (IDCOMUNA,NOMBRE,REGION_ID) values ('334','Tortel','15');
Insert into OLYMPUS.USERS_COMUNA (IDCOMUNA,NOMBRE,REGION_ID) values ('335','Natales','16');
Insert into OLYMPUS.USERS_COMUNA (IDCOMUNA,NOMBRE,REGION_ID) values ('336','Torres del Paine','16');
Insert into OLYMPUS.USERS_COMUNA (IDCOMUNA,NOMBRE,REGION_ID) values ('337','Laguna Blanca','16');
Insert into OLYMPUS.USERS_COMUNA (IDCOMUNA,NOMBRE,REGION_ID) values ('338','Punta Arenas','16');
Insert into OLYMPUS.USERS_COMUNA (IDCOMUNA,NOMBRE,REGION_ID) values ('339','Rio Verde','16');
Insert into OLYMPUS.USERS_COMUNA (IDCOMUNA,NOMBRE,REGION_ID) values ('340','San Gregorio','16');
Insert into OLYMPUS.USERS_COMUNA (IDCOMUNA,NOMBRE,REGION_ID) values ('341','Porvenir','16');
Insert into OLYMPUS.USERS_COMUNA (IDCOMUNA,NOMBRE,REGION_ID) values ('342','Primavera','16');
Insert into OLYMPUS.USERS_COMUNA (IDCOMUNA,NOMBRE,REGION_ID) values ('343','Timaukel','16');
Insert into OLYMPUS.USERS_COMUNA (IDCOMUNA,NOMBRE,REGION_ID) values ('344','Cabo de Hornos','16');
Insert into OLYMPUS.USERS_COMUNA (IDCOMUNA,NOMBRE,REGION_ID) values ('345','Antartica','16');
Insert into OLYMPUS.USERS_COMUNA (IDCOMUNA,NOMBRE,REGION_ID) values ('346','Lonquimay','16');
REM INSERTING into OLYMPUS.USERS_DIRECCION
SET DEFINE OFF;
REM INSERTING into OLYMPUS.USERS_REGION
SET DEFINE OFF;
Insert into OLYMPUS.USERS_REGION (IDREGION,NOMBRE) values ('1','Arica y Parinacota');
Insert into OLYMPUS.USERS_REGION (IDREGION,NOMBRE) values ('2','Tarapaca');
Insert into OLYMPUS.USERS_REGION (IDREGION,NOMBRE) values ('3','Antofagasta');
Insert into OLYMPUS.USERS_REGION (IDREGION,NOMBRE) values ('4','Atacama');
Insert into OLYMPUS.USERS_REGION (IDREGION,NOMBRE) values ('5','Coquimbo');
Insert into OLYMPUS.USERS_REGION (IDREGION,NOMBRE) values ('6','Valparaiso');
Insert into OLYMPUS.USERS_REGION (IDREGION,NOMBRE) values ('7','Metropolitana');
Insert into OLYMPUS.USERS_REGION (IDREGION,NOMBRE) values ('8','O'''' Higgins');
Insert into OLYMPUS.USERS_REGION (IDREGION,NOMBRE) values ('9','Maule');
Insert into OLYMPUS.USERS_REGION (IDREGION,NOMBRE) values ('10','niuble');
Insert into OLYMPUS.USERS_REGION (IDREGION,NOMBRE) values ('11','Biobio');
Insert into OLYMPUS.USERS_REGION (IDREGION,NOMBRE) values ('12','La Araucania');
Insert into OLYMPUS.USERS_REGION (IDREGION,NOMBRE) values ('13','Los Rios');
Insert into OLYMPUS.USERS_REGION (IDREGION,NOMBRE) values ('14','Los Lagos');
Insert into OLYMPUS.USERS_REGION (IDREGION,NOMBRE) values ('15','Aysen');
Insert into OLYMPUS.USERS_REGION (IDREGION,NOMBRE) values ('16','Magallanes');
REM INSERTING into OLYMPUS.USERS_USERPROFILE
SET DEFINE OFF;
Insert into OLYMPUS.USERS_USERPROFILE (ID,PASSWORD,LAST_LOGIN,IS_SUPERUSER,EMAIL,NOMBRE,APELLIDOPA,TELEFONO,FOTO,IS_STAFF,IS_ACTIVE) values ('0','pbkdf2_sha256$320000$pkTLfhyDqp8T1GM6DjPiB1$HRim4uQm2dMsnU+N4YGEEooBArX/4b528kibgQecmRk=',to_timestamp('22/06/22 00:12:22,609049000','DD/MM/RR HH24:MI:SSXFF'),'1','olympus.paginaonline@gmail.com','Olympus','Tienda','912345678','users/logo.png','1','1');
REM INSERTING into OLYMPUS.USERS_USERPROFILE_GROUPS
SET DEFINE OFF;
REM INSERTING into OLYMPUS.USERS_USERPROFILE_USER_PER709B
SET DEFINE OFF;
--------------------------------------------------------
--  DDL for Index AUTH_GROU_GROUP_ID__0CD325B0_U
--------------------------------------------------------

  CREATE UNIQUE INDEX "OLYMPUS"."AUTH_GROU_GROUP_ID__0CD325B0_U" ON "OLYMPUS"."AUTH_GROUP_PERMISSIONS" ("GROUP_ID", "PERMISSION_ID") 
  PCTFREE 10 INITRANS 2 MAXTRANS 255 COMPUTE STATISTICS 
  TABLESPACE "USERS" ;
--------------------------------------------------------
--  DDL for Index AUTH_GROUP_GROUP_ID_B120CBF9
--------------------------------------------------------

  CREATE INDEX "OLYMPUS"."AUTH_GROUP_GROUP_ID_B120CBF9" ON "OLYMPUS"."AUTH_GROUP_PERMISSIONS" ("GROUP_ID") 
  PCTFREE 10 INITRANS 2 MAXTRANS 255 COMPUTE STATISTICS 
  TABLESPACE "USERS" ;
--------------------------------------------------------
--  DDL for Index AUTH_GROUP_PERMISSION_84C5C92E
--------------------------------------------------------

  CREATE INDEX "OLYMPUS"."AUTH_GROUP_PERMISSION_84C5C92E" ON "OLYMPUS"."AUTH_GROUP_PERMISSIONS" ("PERMISSION_ID") 
  PCTFREE 10 INITRANS 2 MAXTRANS 255 COMPUTE STATISTICS 
  TABLESPACE "USERS" ;
--------------------------------------------------------
--  DDL for Index AUTH_PERM_CONTENT_T_01AB375A_U
--------------------------------------------------------

  CREATE UNIQUE INDEX "OLYMPUS"."AUTH_PERM_CONTENT_T_01AB375A_U" ON "OLYMPUS"."AUTH_PERMISSION" ("CONTENT_TYPE_ID", "CODENAME") 
  PCTFREE 10 INITRANS 2 MAXTRANS 255 COMPUTE STATISTICS 
  STORAGE(INITIAL 65536 NEXT 1048576 MINEXTENTS 1 MAXEXTENTS 2147483645
  PCTINCREASE 0 FREELISTS 1 FREELIST GROUPS 1
  BUFFER_POOL DEFAULT FLASH_CACHE DEFAULT CELL_FLASH_CACHE DEFAULT)
  TABLESPACE "USERS" ;
--------------------------------------------------------
--  DDL for Index AUTH_PERMI_CONTENT_TY_2F476E4B
--------------------------------------------------------

  CREATE INDEX "OLYMPUS"."AUTH_PERMI_CONTENT_TY_2F476E4B" ON "OLYMPUS"."AUTH_PERMISSION" ("CONTENT_TYPE_ID") 
  PCTFREE 10 INITRANS 2 MAXTRANS 255 COMPUTE STATISTICS 
  STORAGE(INITIAL 65536 NEXT 1048576 MINEXTENTS 1 MAXEXTENTS 2147483645
  PCTINCREASE 0 FREELISTS 1 FREELIST GROUPS 1
  BUFFER_POOL DEFAULT FLASH_CACHE DEFAULT CELL_FLASH_CACHE DEFAULT)
  TABLESPACE "USERS" ;
--------------------------------------------------------
--  DDL for Index CORE_PRODU_CATEGORIA__65B2D0AF
--------------------------------------------------------

  CREATE INDEX "OLYMPUS"."CORE_PRODU_CATEGORIA__65B2D0AF" ON "OLYMPUS"."CORE_PRODUCTO" ("CATEGORIA_ID") 
  PCTFREE 10 INITRANS 2 MAXTRANS 255 COMPUTE STATISTICS 
  STORAGE(INITIAL 65536 NEXT 1048576 MINEXTENTS 1 MAXEXTENTS 2147483645
  PCTINCREASE 0 FREELISTS 1 FREELIST GROUPS 1
  BUFFER_POOL DEFAULT FLASH_CACHE DEFAULT CELL_FLASH_CACHE DEFAULT)
  TABLESPACE "USERS" ;
--------------------------------------------------------
--  DDL for Index CORE_PRODU_ESTATUS_ID_65795E75
--------------------------------------------------------

  CREATE INDEX "OLYMPUS"."CORE_PRODU_ESTATUS_ID_65795E75" ON "OLYMPUS"."CORE_PRODUCTO" ("ESTATUS_ID") 
  PCTFREE 10 INITRANS 2 MAXTRANS 255 COMPUTE STATISTICS 
  STORAGE(INITIAL 65536 NEXT 1048576 MINEXTENTS 1 MAXEXTENTS 2147483645
  PCTINCREASE 0 FREELISTS 1 FREELIST GROUPS 1
  BUFFER_POOL DEFAULT FLASH_CACHE DEFAULT CELL_FLASH_CACHE DEFAULT)
  TABLESPACE "USERS" ;
--------------------------------------------------------
--  DDL for Index DJANGO_ADM_CONTENT_TY_C4BCE8EB
--------------------------------------------------------

  CREATE INDEX "OLYMPUS"."DJANGO_ADM_CONTENT_TY_C4BCE8EB" ON "OLYMPUS"."DJANGO_ADMIN_LOG" ("CONTENT_TYPE_ID") 
  PCTFREE 10 INITRANS 2 MAXTRANS 255 COMPUTE STATISTICS 
  STORAGE(INITIAL 65536 NEXT 1048576 MINEXTENTS 1 MAXEXTENTS 2147483645
  PCTINCREASE 0 FREELISTS 1 FREELIST GROUPS 1
  BUFFER_POOL DEFAULT FLASH_CACHE DEFAULT CELL_FLASH_CACHE DEFAULT)
  TABLESPACE "USERS" ;
--------------------------------------------------------
--  DDL for Index DJANGO_ADM_USER_ID_C564EBA6
--------------------------------------------------------

  CREATE INDEX "OLYMPUS"."DJANGO_ADM_USER_ID_C564EBA6" ON "OLYMPUS"."DJANGO_ADMIN_LOG" ("USER_ID") 
  PCTFREE 10 INITRANS 2 MAXTRANS 255 COMPUTE STATISTICS 
  STORAGE(INITIAL 65536 NEXT 1048576 MINEXTENTS 1 MAXEXTENTS 2147483645
  PCTINCREASE 0 FREELISTS 1 FREELIST GROUPS 1
  BUFFER_POOL DEFAULT FLASH_CACHE DEFAULT CELL_FLASH_CACHE DEFAULT)
  TABLESPACE "USERS" ;
--------------------------------------------------------
--  DDL for Index DJANGO_CO_APP_LABEL_76BD3D3B_U
--------------------------------------------------------

  CREATE UNIQUE INDEX "OLYMPUS"."DJANGO_CO_APP_LABEL_76BD3D3B_U" ON "OLYMPUS"."DJANGO_CONTENT_TYPE" ("APP_LABEL", "MODEL") 
  PCTFREE 10 INITRANS 2 MAXTRANS 255 COMPUTE STATISTICS 
  STORAGE(INITIAL 65536 NEXT 1048576 MINEXTENTS 1 MAXEXTENTS 2147483645
  PCTINCREASE 0 FREELISTS 1 FREELIST GROUPS 1
  BUFFER_POOL DEFAULT FLASH_CACHE DEFAULT CELL_FLASH_CACHE DEFAULT)
  TABLESPACE "USERS" ;
--------------------------------------------------------
--  DDL for Index DJANGO_SES_EXPIRE_DAT_A5C62663
--------------------------------------------------------

  CREATE INDEX "OLYMPUS"."DJANGO_SES_EXPIRE_DAT_A5C62663" ON "OLYMPUS"."DJANGO_SESSION" ("EXPIRE_DATE") 
  PCTFREE 10 INITRANS 2 MAXTRANS 255 COMPUTE STATISTICS 
  STORAGE(INITIAL 65536 NEXT 1048576 MINEXTENTS 1 MAXEXTENTS 2147483645
  PCTINCREASE 0 FREELISTS 1 FREELIST GROUPS 1
  BUFFER_POOL DEFAULT FLASH_CACHE DEFAULT CELL_FLASH_CACHE DEFAULT)
  TABLESPACE "USERS" ;
--------------------------------------------------------
--  DDL for Index SYS_C0014346
--------------------------------------------------------

  CREATE UNIQUE INDEX "OLYMPUS"."SYS_C0014346" ON "OLYMPUS"."DJANGO_MIGRATIONS" ("ID") 
  PCTFREE 10 INITRANS 2 MAXTRANS 255 COMPUTE STATISTICS 
  STORAGE(INITIAL 65536 NEXT 1048576 MINEXTENTS 1 MAXEXTENTS 2147483645
  PCTINCREASE 0 FREELISTS 1 FREELIST GROUPS 1
  BUFFER_POOL DEFAULT FLASH_CACHE DEFAULT CELL_FLASH_CACHE DEFAULT)
  TABLESPACE "USERS" ;
--------------------------------------------------------
--  DDL for Index SYS_C0014348
--------------------------------------------------------

  CREATE UNIQUE INDEX "OLYMPUS"."SYS_C0014348" ON "OLYMPUS"."DJANGO_CONTENT_TYPE" ("ID") 
  PCTFREE 10 INITRANS 2 MAXTRANS 255 COMPUTE STATISTICS 
  STORAGE(INITIAL 65536 NEXT 1048576 MINEXTENTS 1 MAXEXTENTS 2147483645
  PCTINCREASE 0 FREELISTS 1 FREELIST GROUPS 1
  BUFFER_POOL DEFAULT FLASH_CACHE DEFAULT CELL_FLASH_CACHE DEFAULT)
  TABLESPACE "USERS" ;
--------------------------------------------------------
--  DDL for Index SYS_C0014352
--------------------------------------------------------

  CREATE UNIQUE INDEX "OLYMPUS"."SYS_C0014352" ON "OLYMPUS"."AUTH_PERMISSION" ("ID") 
  PCTFREE 10 INITRANS 2 MAXTRANS 255 COMPUTE STATISTICS 
  STORAGE(INITIAL 65536 NEXT 1048576 MINEXTENTS 1 MAXEXTENTS 2147483645
  PCTINCREASE 0 FREELISTS 1 FREELIST GROUPS 1
  BUFFER_POOL DEFAULT FLASH_CACHE DEFAULT CELL_FLASH_CACHE DEFAULT)
  TABLESPACE "USERS" ;
--------------------------------------------------------
--  DDL for Index SYS_C0014354
--------------------------------------------------------

  CREATE UNIQUE INDEX "OLYMPUS"."SYS_C0014354" ON "OLYMPUS"."AUTH_GROUP" ("ID") 
  PCTFREE 10 INITRANS 2 MAXTRANS 255 COMPUTE STATISTICS 
  TABLESPACE "USERS" ;
--------------------------------------------------------
--  DDL for Index SYS_C0014355
--------------------------------------------------------

  CREATE UNIQUE INDEX "OLYMPUS"."SYS_C0014355" ON "OLYMPUS"."AUTH_GROUP" ("NAME") 
  PCTFREE 10 INITRANS 2 MAXTRANS 255 COMPUTE STATISTICS 
  TABLESPACE "USERS" ;
--------------------------------------------------------
--  DDL for Index SYS_C0014359
--------------------------------------------------------

  CREATE UNIQUE INDEX "OLYMPUS"."SYS_C0014359" ON "OLYMPUS"."AUTH_GROUP_PERMISSIONS" ("ID") 
  PCTFREE 10 INITRANS 2 MAXTRANS 255 COMPUTE STATISTICS 
  TABLESPACE "USERS" ;
--------------------------------------------------------
--  DDL for Index SYS_C0014366
--------------------------------------------------------

  CREATE UNIQUE INDEX "OLYMPUS"."SYS_C0014366" ON "OLYMPUS"."USERS_COMUNA" ("IDCOMUNA") 
  PCTFREE 10 INITRANS 2 MAXTRANS 255 COMPUTE STATISTICS 
  STORAGE(INITIAL 65536 NEXT 1048576 MINEXTENTS 1 MAXEXTENTS 2147483645
  PCTINCREASE 0 FREELISTS 1 FREELIST GROUPS 1
  BUFFER_POOL DEFAULT FLASH_CACHE DEFAULT CELL_FLASH_CACHE DEFAULT)
  TABLESPACE "USERS" ;
--------------------------------------------------------
--  DDL for Index SYS_C0014368
--------------------------------------------------------

  CREATE UNIQUE INDEX "OLYMPUS"."SYS_C0014368" ON "OLYMPUS"."USERS_REGION" ("IDREGION") 
  PCTFREE 10 INITRANS 2 MAXTRANS 255 COMPUTE STATISTICS 
  STORAGE(INITIAL 65536 NEXT 1048576 MINEXTENTS 1 MAXEXTENTS 2147483645
  PCTINCREASE 0 FREELISTS 1 FREELIST GROUPS 1
  BUFFER_POOL DEFAULT FLASH_CACHE DEFAULT CELL_FLASH_CACHE DEFAULT)
  TABLESPACE "USERS" ;
--------------------------------------------------------
--  DDL for Index SYS_C0014372
--------------------------------------------------------

  CREATE UNIQUE INDEX "OLYMPUS"."SYS_C0014372" ON "OLYMPUS"."USERS_DIRECCION" ("IDDIRECCION") 
  PCTFREE 10 INITRANS 2 MAXTRANS 255 COMPUTE STATISTICS 
  STORAGE(INITIAL 65536 NEXT 1048576 MINEXTENTS 1 MAXEXTENTS 2147483645
  PCTINCREASE 0 FREELISTS 1 FREELIST GROUPS 1
  BUFFER_POOL DEFAULT FLASH_CACHE DEFAULT CELL_FLASH_CACHE DEFAULT)
  TABLESPACE "USERS" ;
--------------------------------------------------------
--  DDL for Index SYS_C0014373
--------------------------------------------------------

  CREATE UNIQUE INDEX "OLYMPUS"."SYS_C0014373" ON "OLYMPUS"."USERS_DIRECCION" ("IDUSUARIO") 
  PCTFREE 10 INITRANS 2 MAXTRANS 255 COMPUTE STATISTICS 
  STORAGE(INITIAL 65536 NEXT 1048576 MINEXTENTS 1 MAXEXTENTS 2147483645
  PCTINCREASE 0 FREELISTS 1 FREELIST GROUPS 1
  BUFFER_POOL DEFAULT FLASH_CACHE DEFAULT CELL_FLASH_CACHE DEFAULT)
  TABLESPACE "USERS" ;
--------------------------------------------------------
--  DDL for Index SYS_C0014374
--------------------------------------------------------

  CREATE UNIQUE INDEX "OLYMPUS"."SYS_C0014374" ON "OLYMPUS"."USERS_DIRECCION" ("EMAIL") 
  PCTFREE 10 INITRANS 2 MAXTRANS 255 COMPUTE STATISTICS 
  STORAGE(INITIAL 65536 NEXT 1048576 MINEXTENTS 1 MAXEXTENTS 2147483645
  PCTINCREASE 0 FREELISTS 1 FREELIST GROUPS 1
  BUFFER_POOL DEFAULT FLASH_CACHE DEFAULT CELL_FLASH_CACHE DEFAULT)
  TABLESPACE "USERS" ;
--------------------------------------------------------
--  DDL for Index SYS_C0014385
--------------------------------------------------------

  CREATE UNIQUE INDEX "OLYMPUS"."SYS_C0014385" ON "OLYMPUS"."USERS_USERPROFILE" ("ID") 
  PCTFREE 10 INITRANS 2 MAXTRANS 255 COMPUTE STATISTICS 
  STORAGE(INITIAL 65536 NEXT 1048576 MINEXTENTS 1 MAXEXTENTS 2147483645
  PCTINCREASE 0 FREELISTS 1 FREELIST GROUPS 1
  BUFFER_POOL DEFAULT FLASH_CACHE DEFAULT CELL_FLASH_CACHE DEFAULT)
  TABLESPACE "USERS" ;
--------------------------------------------------------
--  DDL for Index SYS_C0014386
--------------------------------------------------------

  CREATE UNIQUE INDEX "OLYMPUS"."SYS_C0014386" ON "OLYMPUS"."USERS_USERPROFILE" ("EMAIL") 
  PCTFREE 10 INITRANS 2 MAXTRANS 255 COMPUTE STATISTICS 
  STORAGE(INITIAL 65536 NEXT 1048576 MINEXTENTS 1 MAXEXTENTS 2147483645
  PCTINCREASE 0 FREELISTS 1 FREELIST GROUPS 1
  BUFFER_POOL DEFAULT FLASH_CACHE DEFAULT CELL_FLASH_CACHE DEFAULT)
  TABLESPACE "USERS" ;
--------------------------------------------------------
--  DDL for Index SYS_C0014390
--------------------------------------------------------

  CREATE UNIQUE INDEX "OLYMPUS"."SYS_C0014390" ON "OLYMPUS"."USERS_USERPROFILE_GROUPS" ("ID") 
  PCTFREE 10 INITRANS 2 MAXTRANS 255 COMPUTE STATISTICS 
  TABLESPACE "USERS" ;
--------------------------------------------------------
--  DDL for Index SYS_C0014394
--------------------------------------------------------

  CREATE UNIQUE INDEX "OLYMPUS"."SYS_C0014394" ON "OLYMPUS"."USERS_USERPROFILE_USER_PER709B" ("ID") 
  PCTFREE 10 INITRANS 2 MAXTRANS 255 COMPUTE STATISTICS 
  TABLESPACE "USERS" ;
--------------------------------------------------------
--  DDL for Index SYS_C0014407
--------------------------------------------------------

  CREATE UNIQUE INDEX "OLYMPUS"."SYS_C0014407" ON "OLYMPUS"."DJANGO_ADMIN_LOG" ("ID") 
  PCTFREE 10 INITRANS 2 MAXTRANS 255 COMPUTE STATISTICS 
  STORAGE(INITIAL 65536 NEXT 1048576 MINEXTENTS 1 MAXEXTENTS 2147483645
  PCTINCREASE 0 FREELISTS 1 FREELIST GROUPS 1
  BUFFER_POOL DEFAULT FLASH_CACHE DEFAULT CELL_FLASH_CACHE DEFAULT)
  TABLESPACE "USERS" ;
--------------------------------------------------------
--  DDL for Index SYS_C0014411
--------------------------------------------------------

  CREATE UNIQUE INDEX "OLYMPUS"."SYS_C0014411" ON "OLYMPUS"."CORE_CATEGORIA" ("IDCATEGORIA") 
  PCTFREE 10 INITRANS 2 MAXTRANS 255 COMPUTE STATISTICS 
  STORAGE(INITIAL 65536 NEXT 1048576 MINEXTENTS 1 MAXEXTENTS 2147483645
  PCTINCREASE 0 FREELISTS 1 FREELIST GROUPS 1
  BUFFER_POOL DEFAULT FLASH_CACHE DEFAULT CELL_FLASH_CACHE DEFAULT)
  TABLESPACE "USERS" ;
--------------------------------------------------------
--  DDL for Index SYS_C0014413
--------------------------------------------------------

  CREATE UNIQUE INDEX "OLYMPUS"."SYS_C0014413" ON "OLYMPUS"."CORE_ESTATUS" ("IDESTATUS") 
  PCTFREE 10 INITRANS 2 MAXTRANS 255 COMPUTE STATISTICS 
  STORAGE(INITIAL 65536 NEXT 1048576 MINEXTENTS 1 MAXEXTENTS 2147483645
  PCTINCREASE 0 FREELISTS 1 FREELIST GROUPS 1
  BUFFER_POOL DEFAULT FLASH_CACHE DEFAULT CELL_FLASH_CACHE DEFAULT)
  TABLESPACE "USERS" ;
--------------------------------------------------------
--  DDL for Index SYS_C0014419
--------------------------------------------------------

  CREATE UNIQUE INDEX "OLYMPUS"."SYS_C0014419" ON "OLYMPUS"."CORE_PRODUCTO" ("IDPRODUCTO") 
  PCTFREE 10 INITRANS 2 MAXTRANS 255 COMPUTE STATISTICS 
  STORAGE(INITIAL 65536 NEXT 1048576 MINEXTENTS 1 MAXEXTENTS 2147483645
  PCTINCREASE 0 FREELISTS 1 FREELIST GROUPS 1
  BUFFER_POOL DEFAULT FLASH_CACHE DEFAULT CELL_FLASH_CACHE DEFAULT)
  TABLESPACE "USERS" ;
--------------------------------------------------------
--  DDL for Index SYS_C0014424
--------------------------------------------------------

  CREATE UNIQUE INDEX "OLYMPUS"."SYS_C0014424" ON "OLYMPUS"."DJANGO_SESSION" ("SESSION_KEY") 
  PCTFREE 10 INITRANS 2 MAXTRANS 255 COMPUTE STATISTICS 
  STORAGE(INITIAL 65536 NEXT 1048576 MINEXTENTS 1 MAXEXTENTS 2147483645
  PCTINCREASE 0 FREELISTS 1 FREELIST GROUPS 1
  BUFFER_POOL DEFAULT FLASH_CACHE DEFAULT CELL_FLASH_CACHE DEFAULT)
  TABLESPACE "USERS" ;
--------------------------------------------------------
--  DDL for Index SYS_C0015015
--------------------------------------------------------

  CREATE UNIQUE INDEX "OLYMPUS"."SYS_C0015015" ON "OLYMPUS"."AUTHTOKEN_TOKEN" ("KEY") 
  PCTFREE 10 INITRANS 2 MAXTRANS 255 COMPUTE STATISTICS 
  STORAGE(INITIAL 65536 NEXT 1048576 MINEXTENTS 1 MAXEXTENTS 2147483645
  PCTINCREASE 0 FREELISTS 1 FREELIST GROUPS 1
  BUFFER_POOL DEFAULT FLASH_CACHE DEFAULT CELL_FLASH_CACHE DEFAULT)
  TABLESPACE "USERS" ;
--------------------------------------------------------
--  DDL for Index SYS_C0015016
--------------------------------------------------------

  CREATE UNIQUE INDEX "OLYMPUS"."SYS_C0015016" ON "OLYMPUS"."AUTHTOKEN_TOKEN" ("USER_ID") 
  PCTFREE 10 INITRANS 2 MAXTRANS 255 COMPUTE STATISTICS 
  STORAGE(INITIAL 65536 NEXT 1048576 MINEXTENTS 1 MAXEXTENTS 2147483645
  PCTINCREASE 0 FREELISTS 1 FREELIST GROUPS 1
  BUFFER_POOL DEFAULT FLASH_CACHE DEFAULT CELL_FLASH_CACHE DEFAULT)
  TABLESPACE "USERS" ;
--------------------------------------------------------
--  DDL for Index USERS_COMU_REGION_ID_2F26D719
--------------------------------------------------------

  CREATE INDEX "OLYMPUS"."USERS_COMU_REGION_ID_2F26D719" ON "OLYMPUS"."USERS_COMUNA" ("REGION_ID") 
  PCTFREE 10 INITRANS 2 MAXTRANS 255 COMPUTE STATISTICS 
  STORAGE(INITIAL 65536 NEXT 1048576 MINEXTENTS 1 MAXEXTENTS 2147483645
  PCTINCREASE 0 FREELISTS 1 FREELIST GROUPS 1
  BUFFER_POOL DEFAULT FLASH_CACHE DEFAULT CELL_FLASH_CACHE DEFAULT)
  TABLESPACE "USERS" ;
--------------------------------------------------------
--  DDL for Index USERS_DIRE_COMUNA_ID_6FC1775E
--------------------------------------------------------

  CREATE INDEX "OLYMPUS"."USERS_DIRE_COMUNA_ID_6FC1775E" ON "OLYMPUS"."USERS_DIRECCION" ("COMUNA_ID") 
  PCTFREE 10 INITRANS 2 MAXTRANS 255 COMPUTE STATISTICS 
  STORAGE(INITIAL 65536 NEXT 1048576 MINEXTENTS 1 MAXEXTENTS 2147483645
  PCTINCREASE 0 FREELISTS 1 FREELIST GROUPS 1
  BUFFER_POOL DEFAULT FLASH_CACHE DEFAULT CELL_FLASH_CACHE DEFAULT)
  TABLESPACE "USERS" ;
--------------------------------------------------------
--  DDL for Index USERS_USER_GROUP_ID_3DE53DBF
--------------------------------------------------------

  CREATE INDEX "OLYMPUS"."USERS_USER_GROUP_ID_3DE53DBF" ON "OLYMPUS"."USERS_USERPROFILE_GROUPS" ("GROUP_ID") 
  PCTFREE 10 INITRANS 2 MAXTRANS 255 COMPUTE STATISTICS 
  TABLESPACE "USERS" ;
--------------------------------------------------------
--  DDL for Index USERS_USER_PERMISSION_23477A33
--------------------------------------------------------

  CREATE INDEX "OLYMPUS"."USERS_USER_PERMISSION_23477A33" ON "OLYMPUS"."USERS_USERPROFILE_USER_PER709B" ("PERMISSION_ID") 
  PCTFREE 10 INITRANS 2 MAXTRANS 255 COMPUTE STATISTICS 
  TABLESPACE "USERS" ;
--------------------------------------------------------
--  DDL for Index USERS_USER_USERPROFIL_A4496A80
--------------------------------------------------------

  CREATE INDEX "OLYMPUS"."USERS_USER_USERPROFIL_A4496A80" ON "OLYMPUS"."USERS_USERPROFILE_GROUPS" ("USERPROFILE_ID") 
  PCTFREE 10 INITRANS 2 MAXTRANS 255 COMPUTE STATISTICS 
  TABLESPACE "USERS" ;
--------------------------------------------------------
--  DDL for Index USERS_USER_USERPROFIL_ED781DFD
--------------------------------------------------------

  CREATE INDEX "OLYMPUS"."USERS_USER_USERPROFIL_ED781DFD" ON "OLYMPUS"."USERS_USERPROFILE_USER_PER709B" ("USERPROFILE_ID") 
  PCTFREE 10 INITRANS 2 MAXTRANS 255 COMPUTE STATISTICS 
  TABLESPACE "USERS" ;
--------------------------------------------------------
--  DDL for Index USERS_USE_USERPROFI_664E7703_U
--------------------------------------------------------

  CREATE UNIQUE INDEX "OLYMPUS"."USERS_USE_USERPROFI_664E7703_U" ON "OLYMPUS"."USERS_USERPROFILE_USER_PER709B" ("USERPROFILE_ID", "PERMISSION_ID") 
  PCTFREE 10 INITRANS 2 MAXTRANS 255 COMPUTE STATISTICS 
  TABLESPACE "USERS" ;
--------------------------------------------------------
--  DDL for Index USERS_USE_USERPROFI_823CF2FC_U
--------------------------------------------------------

  CREATE UNIQUE INDEX "OLYMPUS"."USERS_USE_USERPROFI_823CF2FC_U" ON "OLYMPUS"."USERS_USERPROFILE_GROUPS" ("USERPROFILE_ID", "GROUP_ID") 
  PCTFREE 10 INITRANS 2 MAXTRANS 255 COMPUTE STATISTICS 
  TABLESPACE "USERS" ;
--------------------------------------------------------
--  DDL for Index SYS_C0014354
--------------------------------------------------------

  CREATE UNIQUE INDEX "OLYMPUS"."SYS_C0014354" ON "OLYMPUS"."AUTH_GROUP" ("ID") 
  PCTFREE 10 INITRANS 2 MAXTRANS 255 COMPUTE STATISTICS 
  TABLESPACE "USERS" ;
--------------------------------------------------------
--  DDL for Index SYS_C0014355
--------------------------------------------------------

  CREATE UNIQUE INDEX "OLYMPUS"."SYS_C0014355" ON "OLYMPUS"."AUTH_GROUP" ("NAME") 
  PCTFREE 10 INITRANS 2 MAXTRANS 255 COMPUTE STATISTICS 
  TABLESPACE "USERS" ;
--------------------------------------------------------
--  DDL for Index SYS_C0014359
--------------------------------------------------------

  CREATE UNIQUE INDEX "OLYMPUS"."SYS_C0014359" ON "OLYMPUS"."AUTH_GROUP_PERMISSIONS" ("ID") 
  PCTFREE 10 INITRANS 2 MAXTRANS 255 COMPUTE STATISTICS 
  TABLESPACE "USERS" ;
--------------------------------------------------------
--  DDL for Index AUTH_GROU_GROUP_ID__0CD325B0_U
--------------------------------------------------------

  CREATE UNIQUE INDEX "OLYMPUS"."AUTH_GROU_GROUP_ID__0CD325B0_U" ON "OLYMPUS"."AUTH_GROUP_PERMISSIONS" ("GROUP_ID", "PERMISSION_ID") 
  PCTFREE 10 INITRANS 2 MAXTRANS 255 COMPUTE STATISTICS 
  TABLESPACE "USERS" ;
--------------------------------------------------------
--  DDL for Index AUTH_GROUP_GROUP_ID_B120CBF9
--------------------------------------------------------

  CREATE INDEX "OLYMPUS"."AUTH_GROUP_GROUP_ID_B120CBF9" ON "OLYMPUS"."AUTH_GROUP_PERMISSIONS" ("GROUP_ID") 
  PCTFREE 10 INITRANS 2 MAXTRANS 255 COMPUTE STATISTICS 
  TABLESPACE "USERS" ;
--------------------------------------------------------
--  DDL for Index AUTH_GROUP_PERMISSION_84C5C92E
--------------------------------------------------------

  CREATE INDEX "OLYMPUS"."AUTH_GROUP_PERMISSION_84C5C92E" ON "OLYMPUS"."AUTH_GROUP_PERMISSIONS" ("PERMISSION_ID") 
  PCTFREE 10 INITRANS 2 MAXTRANS 255 COMPUTE STATISTICS 
  TABLESPACE "USERS" ;
--------------------------------------------------------
--  DDL for Index AUTH_PERM_CONTENT_T_01AB375A_U
--------------------------------------------------------

  CREATE UNIQUE INDEX "OLYMPUS"."AUTH_PERM_CONTENT_T_01AB375A_U" ON "OLYMPUS"."AUTH_PERMISSION" ("CONTENT_TYPE_ID", "CODENAME") 
  PCTFREE 10 INITRANS 2 MAXTRANS 255 COMPUTE STATISTICS 
  STORAGE(INITIAL 65536 NEXT 1048576 MINEXTENTS 1 MAXEXTENTS 2147483645
  PCTINCREASE 0 FREELISTS 1 FREELIST GROUPS 1
  BUFFER_POOL DEFAULT FLASH_CACHE DEFAULT CELL_FLASH_CACHE DEFAULT)
  TABLESPACE "USERS" ;
--------------------------------------------------------
--  DDL for Index AUTH_PERMI_CONTENT_TY_2F476E4B
--------------------------------------------------------

  CREATE INDEX "OLYMPUS"."AUTH_PERMI_CONTENT_TY_2F476E4B" ON "OLYMPUS"."AUTH_PERMISSION" ("CONTENT_TYPE_ID") 
  PCTFREE 10 INITRANS 2 MAXTRANS 255 COMPUTE STATISTICS 
  STORAGE(INITIAL 65536 NEXT 1048576 MINEXTENTS 1 MAXEXTENTS 2147483645
  PCTINCREASE 0 FREELISTS 1 FREELIST GROUPS 1
  BUFFER_POOL DEFAULT FLASH_CACHE DEFAULT CELL_FLASH_CACHE DEFAULT)
  TABLESPACE "USERS" ;
--------------------------------------------------------
--  DDL for Index SYS_C0014352
--------------------------------------------------------

  CREATE UNIQUE INDEX "OLYMPUS"."SYS_C0014352" ON "OLYMPUS"."AUTH_PERMISSION" ("ID") 
  PCTFREE 10 INITRANS 2 MAXTRANS 255 COMPUTE STATISTICS 
  STORAGE(INITIAL 65536 NEXT 1048576 MINEXTENTS 1 MAXEXTENTS 2147483645
  PCTINCREASE 0 FREELISTS 1 FREELIST GROUPS 1
  BUFFER_POOL DEFAULT FLASH_CACHE DEFAULT CELL_FLASH_CACHE DEFAULT)
  TABLESPACE "USERS" ;
--------------------------------------------------------
--  DDL for Index SYS_C0015015
--------------------------------------------------------

  CREATE UNIQUE INDEX "OLYMPUS"."SYS_C0015015" ON "OLYMPUS"."AUTHTOKEN_TOKEN" ("KEY") 
  PCTFREE 10 INITRANS 2 MAXTRANS 255 COMPUTE STATISTICS 
  STORAGE(INITIAL 65536 NEXT 1048576 MINEXTENTS 1 MAXEXTENTS 2147483645
  PCTINCREASE 0 FREELISTS 1 FREELIST GROUPS 1
  BUFFER_POOL DEFAULT FLASH_CACHE DEFAULT CELL_FLASH_CACHE DEFAULT)
  TABLESPACE "USERS" ;
--------------------------------------------------------
--  DDL for Index SYS_C0015016
--------------------------------------------------------

  CREATE UNIQUE INDEX "OLYMPUS"."SYS_C0015016" ON "OLYMPUS"."AUTHTOKEN_TOKEN" ("USER_ID") 
  PCTFREE 10 INITRANS 2 MAXTRANS 255 COMPUTE STATISTICS 
  STORAGE(INITIAL 65536 NEXT 1048576 MINEXTENTS 1 MAXEXTENTS 2147483645
  PCTINCREASE 0 FREELISTS 1 FREELIST GROUPS 1
  BUFFER_POOL DEFAULT FLASH_CACHE DEFAULT CELL_FLASH_CACHE DEFAULT)
  TABLESPACE "USERS" ;
--------------------------------------------------------
--  DDL for Index SYS_C0014411
--------------------------------------------------------

  CREATE UNIQUE INDEX "OLYMPUS"."SYS_C0014411" ON "OLYMPUS"."CORE_CATEGORIA" ("IDCATEGORIA") 
  PCTFREE 10 INITRANS 2 MAXTRANS 255 COMPUTE STATISTICS 
  STORAGE(INITIAL 65536 NEXT 1048576 MINEXTENTS 1 MAXEXTENTS 2147483645
  PCTINCREASE 0 FREELISTS 1 FREELIST GROUPS 1
  BUFFER_POOL DEFAULT FLASH_CACHE DEFAULT CELL_FLASH_CACHE DEFAULT)
  TABLESPACE "USERS" ;
--------------------------------------------------------
--  DDL for Index SYS_C0014413
--------------------------------------------------------

  CREATE UNIQUE INDEX "OLYMPUS"."SYS_C0014413" ON "OLYMPUS"."CORE_ESTATUS" ("IDESTATUS") 
  PCTFREE 10 INITRANS 2 MAXTRANS 255 COMPUTE STATISTICS 
  STORAGE(INITIAL 65536 NEXT 1048576 MINEXTENTS 1 MAXEXTENTS 2147483645
  PCTINCREASE 0 FREELISTS 1 FREELIST GROUPS 1
  BUFFER_POOL DEFAULT FLASH_CACHE DEFAULT CELL_FLASH_CACHE DEFAULT)
  TABLESPACE "USERS" ;
--------------------------------------------------------
--  DDL for Index SYS_C0014419
--------------------------------------------------------

  CREATE UNIQUE INDEX "OLYMPUS"."SYS_C0014419" ON "OLYMPUS"."CORE_PRODUCTO" ("IDPRODUCTO") 
  PCTFREE 10 INITRANS 2 MAXTRANS 255 COMPUTE STATISTICS 
  STORAGE(INITIAL 65536 NEXT 1048576 MINEXTENTS 1 MAXEXTENTS 2147483645
  PCTINCREASE 0 FREELISTS 1 FREELIST GROUPS 1
  BUFFER_POOL DEFAULT FLASH_CACHE DEFAULT CELL_FLASH_CACHE DEFAULT)
  TABLESPACE "USERS" ;
--------------------------------------------------------
--  DDL for Index CORE_PRODU_CATEGORIA__65B2D0AF
--------------------------------------------------------

  CREATE INDEX "OLYMPUS"."CORE_PRODU_CATEGORIA__65B2D0AF" ON "OLYMPUS"."CORE_PRODUCTO" ("CATEGORIA_ID") 
  PCTFREE 10 INITRANS 2 MAXTRANS 255 COMPUTE STATISTICS 
  STORAGE(INITIAL 65536 NEXT 1048576 MINEXTENTS 1 MAXEXTENTS 2147483645
  PCTINCREASE 0 FREELISTS 1 FREELIST GROUPS 1
  BUFFER_POOL DEFAULT FLASH_CACHE DEFAULT CELL_FLASH_CACHE DEFAULT)
  TABLESPACE "USERS" ;
--------------------------------------------------------
--  DDL for Index CORE_PRODU_ESTATUS_ID_65795E75
--------------------------------------------------------

  CREATE INDEX "OLYMPUS"."CORE_PRODU_ESTATUS_ID_65795E75" ON "OLYMPUS"."CORE_PRODUCTO" ("ESTATUS_ID") 
  PCTFREE 10 INITRANS 2 MAXTRANS 255 COMPUTE STATISTICS 
  STORAGE(INITIAL 65536 NEXT 1048576 MINEXTENTS 1 MAXEXTENTS 2147483645
  PCTINCREASE 0 FREELISTS 1 FREELIST GROUPS 1
  BUFFER_POOL DEFAULT FLASH_CACHE DEFAULT CELL_FLASH_CACHE DEFAULT)
  TABLESPACE "USERS" ;
--------------------------------------------------------
--  DDL for Index SYS_C0014407
--------------------------------------------------------

  CREATE UNIQUE INDEX "OLYMPUS"."SYS_C0014407" ON "OLYMPUS"."DJANGO_ADMIN_LOG" ("ID") 
  PCTFREE 10 INITRANS 2 MAXTRANS 255 COMPUTE STATISTICS 
  STORAGE(INITIAL 65536 NEXT 1048576 MINEXTENTS 1 MAXEXTENTS 2147483645
  PCTINCREASE 0 FREELISTS 1 FREELIST GROUPS 1
  BUFFER_POOL DEFAULT FLASH_CACHE DEFAULT CELL_FLASH_CACHE DEFAULT)
  TABLESPACE "USERS" ;
--------------------------------------------------------
--  DDL for Index DJANGO_ADM_CONTENT_TY_C4BCE8EB
--------------------------------------------------------

  CREATE INDEX "OLYMPUS"."DJANGO_ADM_CONTENT_TY_C4BCE8EB" ON "OLYMPUS"."DJANGO_ADMIN_LOG" ("CONTENT_TYPE_ID") 
  PCTFREE 10 INITRANS 2 MAXTRANS 255 COMPUTE STATISTICS 
  STORAGE(INITIAL 65536 NEXT 1048576 MINEXTENTS 1 MAXEXTENTS 2147483645
  PCTINCREASE 0 FREELISTS 1 FREELIST GROUPS 1
  BUFFER_POOL DEFAULT FLASH_CACHE DEFAULT CELL_FLASH_CACHE DEFAULT)
  TABLESPACE "USERS" ;
--------------------------------------------------------
--  DDL for Index DJANGO_ADM_USER_ID_C564EBA6
--------------------------------------------------------

  CREATE INDEX "OLYMPUS"."DJANGO_ADM_USER_ID_C564EBA6" ON "OLYMPUS"."DJANGO_ADMIN_LOG" ("USER_ID") 
  PCTFREE 10 INITRANS 2 MAXTRANS 255 COMPUTE STATISTICS 
  STORAGE(INITIAL 65536 NEXT 1048576 MINEXTENTS 1 MAXEXTENTS 2147483645
  PCTINCREASE 0 FREELISTS 1 FREELIST GROUPS 1
  BUFFER_POOL DEFAULT FLASH_CACHE DEFAULT CELL_FLASH_CACHE DEFAULT)
  TABLESPACE "USERS" ;
--------------------------------------------------------
--  DDL for Index DJANGO_CO_APP_LABEL_76BD3D3B_U
--------------------------------------------------------

  CREATE UNIQUE INDEX "OLYMPUS"."DJANGO_CO_APP_LABEL_76BD3D3B_U" ON "OLYMPUS"."DJANGO_CONTENT_TYPE" ("APP_LABEL", "MODEL") 
  PCTFREE 10 INITRANS 2 MAXTRANS 255 COMPUTE STATISTICS 
  STORAGE(INITIAL 65536 NEXT 1048576 MINEXTENTS 1 MAXEXTENTS 2147483645
  PCTINCREASE 0 FREELISTS 1 FREELIST GROUPS 1
  BUFFER_POOL DEFAULT FLASH_CACHE DEFAULT CELL_FLASH_CACHE DEFAULT)
  TABLESPACE "USERS" ;
--------------------------------------------------------
--  DDL for Index SYS_C0014348
--------------------------------------------------------

  CREATE UNIQUE INDEX "OLYMPUS"."SYS_C0014348" ON "OLYMPUS"."DJANGO_CONTENT_TYPE" ("ID") 
  PCTFREE 10 INITRANS 2 MAXTRANS 255 COMPUTE STATISTICS 
  STORAGE(INITIAL 65536 NEXT 1048576 MINEXTENTS 1 MAXEXTENTS 2147483645
  PCTINCREASE 0 FREELISTS 1 FREELIST GROUPS 1
  BUFFER_POOL DEFAULT FLASH_CACHE DEFAULT CELL_FLASH_CACHE DEFAULT)
  TABLESPACE "USERS" ;
--------------------------------------------------------
--  DDL for Index SYS_C0014346
--------------------------------------------------------

  CREATE UNIQUE INDEX "OLYMPUS"."SYS_C0014346" ON "OLYMPUS"."DJANGO_MIGRATIONS" ("ID") 
  PCTFREE 10 INITRANS 2 MAXTRANS 255 COMPUTE STATISTICS 
  STORAGE(INITIAL 65536 NEXT 1048576 MINEXTENTS 1 MAXEXTENTS 2147483645
  PCTINCREASE 0 FREELISTS 1 FREELIST GROUPS 1
  BUFFER_POOL DEFAULT FLASH_CACHE DEFAULT CELL_FLASH_CACHE DEFAULT)
  TABLESPACE "USERS" ;
--------------------------------------------------------
--  DDL for Index DJANGO_SES_EXPIRE_DAT_A5C62663
--------------------------------------------------------

  CREATE INDEX "OLYMPUS"."DJANGO_SES_EXPIRE_DAT_A5C62663" ON "OLYMPUS"."DJANGO_SESSION" ("EXPIRE_DATE") 
  PCTFREE 10 INITRANS 2 MAXTRANS 255 COMPUTE STATISTICS 
  STORAGE(INITIAL 65536 NEXT 1048576 MINEXTENTS 1 MAXEXTENTS 2147483645
  PCTINCREASE 0 FREELISTS 1 FREELIST GROUPS 1
  BUFFER_POOL DEFAULT FLASH_CACHE DEFAULT CELL_FLASH_CACHE DEFAULT)
  TABLESPACE "USERS" ;
--------------------------------------------------------
--  DDL for Index SYS_C0014424
--------------------------------------------------------

  CREATE UNIQUE INDEX "OLYMPUS"."SYS_C0014424" ON "OLYMPUS"."DJANGO_SESSION" ("SESSION_KEY") 
  PCTFREE 10 INITRANS 2 MAXTRANS 255 COMPUTE STATISTICS 
  STORAGE(INITIAL 65536 NEXT 1048576 MINEXTENTS 1 MAXEXTENTS 2147483645
  PCTINCREASE 0 FREELISTS 1 FREELIST GROUPS 1
  BUFFER_POOL DEFAULT FLASH_CACHE DEFAULT CELL_FLASH_CACHE DEFAULT)
  TABLESPACE "USERS" ;
--------------------------------------------------------
--  DDL for Index SYS_C0014366
--------------------------------------------------------

  CREATE UNIQUE INDEX "OLYMPUS"."SYS_C0014366" ON "OLYMPUS"."USERS_COMUNA" ("IDCOMUNA") 
  PCTFREE 10 INITRANS 2 MAXTRANS 255 COMPUTE STATISTICS 
  STORAGE(INITIAL 65536 NEXT 1048576 MINEXTENTS 1 MAXEXTENTS 2147483645
  PCTINCREASE 0 FREELISTS 1 FREELIST GROUPS 1
  BUFFER_POOL DEFAULT FLASH_CACHE DEFAULT CELL_FLASH_CACHE DEFAULT)
  TABLESPACE "USERS" ;
--------------------------------------------------------
--  DDL for Index USERS_COMU_REGION_ID_2F26D719
--------------------------------------------------------

  CREATE INDEX "OLYMPUS"."USERS_COMU_REGION_ID_2F26D719" ON "OLYMPUS"."USERS_COMUNA" ("REGION_ID") 
  PCTFREE 10 INITRANS 2 MAXTRANS 255 COMPUTE STATISTICS 
  STORAGE(INITIAL 65536 NEXT 1048576 MINEXTENTS 1 MAXEXTENTS 2147483645
  PCTINCREASE 0 FREELISTS 1 FREELIST GROUPS 1
  BUFFER_POOL DEFAULT FLASH_CACHE DEFAULT CELL_FLASH_CACHE DEFAULT)
  TABLESPACE "USERS" ;
--------------------------------------------------------
--  DDL for Index SYS_C0014372
--------------------------------------------------------

  CREATE UNIQUE INDEX "OLYMPUS"."SYS_C0014372" ON "OLYMPUS"."USERS_DIRECCION" ("IDDIRECCION") 
  PCTFREE 10 INITRANS 2 MAXTRANS 255 COMPUTE STATISTICS 
  STORAGE(INITIAL 65536 NEXT 1048576 MINEXTENTS 1 MAXEXTENTS 2147483645
  PCTINCREASE 0 FREELISTS 1 FREELIST GROUPS 1
  BUFFER_POOL DEFAULT FLASH_CACHE DEFAULT CELL_FLASH_CACHE DEFAULT)
  TABLESPACE "USERS" ;
--------------------------------------------------------
--  DDL for Index SYS_C0014373
--------------------------------------------------------

  CREATE UNIQUE INDEX "OLYMPUS"."SYS_C0014373" ON "OLYMPUS"."USERS_DIRECCION" ("IDUSUARIO") 
  PCTFREE 10 INITRANS 2 MAXTRANS 255 COMPUTE STATISTICS 
  STORAGE(INITIAL 65536 NEXT 1048576 MINEXTENTS 1 MAXEXTENTS 2147483645
  PCTINCREASE 0 FREELISTS 1 FREELIST GROUPS 1
  BUFFER_POOL DEFAULT FLASH_CACHE DEFAULT CELL_FLASH_CACHE DEFAULT)
  TABLESPACE "USERS" ;
--------------------------------------------------------
--  DDL for Index SYS_C0014374
--------------------------------------------------------

  CREATE UNIQUE INDEX "OLYMPUS"."SYS_C0014374" ON "OLYMPUS"."USERS_DIRECCION" ("EMAIL") 
  PCTFREE 10 INITRANS 2 MAXTRANS 255 COMPUTE STATISTICS 
  STORAGE(INITIAL 65536 NEXT 1048576 MINEXTENTS 1 MAXEXTENTS 2147483645
  PCTINCREASE 0 FREELISTS 1 FREELIST GROUPS 1
  BUFFER_POOL DEFAULT FLASH_CACHE DEFAULT CELL_FLASH_CACHE DEFAULT)
  TABLESPACE "USERS" ;
--------------------------------------------------------
--  DDL for Index USERS_DIRE_COMUNA_ID_6FC1775E
--------------------------------------------------------

  CREATE INDEX "OLYMPUS"."USERS_DIRE_COMUNA_ID_6FC1775E" ON "OLYMPUS"."USERS_DIRECCION" ("COMUNA_ID") 
  PCTFREE 10 INITRANS 2 MAXTRANS 255 COMPUTE STATISTICS 
  STORAGE(INITIAL 65536 NEXT 1048576 MINEXTENTS 1 MAXEXTENTS 2147483645
  PCTINCREASE 0 FREELISTS 1 FREELIST GROUPS 1
  BUFFER_POOL DEFAULT FLASH_CACHE DEFAULT CELL_FLASH_CACHE DEFAULT)
  TABLESPACE "USERS" ;
--------------------------------------------------------
--  DDL for Index SYS_C0014368
--------------------------------------------------------

  CREATE UNIQUE INDEX "OLYMPUS"."SYS_C0014368" ON "OLYMPUS"."USERS_REGION" ("IDREGION") 
  PCTFREE 10 INITRANS 2 MAXTRANS 255 COMPUTE STATISTICS 
  STORAGE(INITIAL 65536 NEXT 1048576 MINEXTENTS 1 MAXEXTENTS 2147483645
  PCTINCREASE 0 FREELISTS 1 FREELIST GROUPS 1
  BUFFER_POOL DEFAULT FLASH_CACHE DEFAULT CELL_FLASH_CACHE DEFAULT)
  TABLESPACE "USERS" ;
--------------------------------------------------------
--  DDL for Index SYS_C0014385
--------------------------------------------------------

  CREATE UNIQUE INDEX "OLYMPUS"."SYS_C0014385" ON "OLYMPUS"."USERS_USERPROFILE" ("ID") 
  PCTFREE 10 INITRANS 2 MAXTRANS 255 COMPUTE STATISTICS 
  STORAGE(INITIAL 65536 NEXT 1048576 MINEXTENTS 1 MAXEXTENTS 2147483645
  PCTINCREASE 0 FREELISTS 1 FREELIST GROUPS 1
  BUFFER_POOL DEFAULT FLASH_CACHE DEFAULT CELL_FLASH_CACHE DEFAULT)
  TABLESPACE "USERS" ;
--------------------------------------------------------
--  DDL for Index SYS_C0014386
--------------------------------------------------------

  CREATE UNIQUE INDEX "OLYMPUS"."SYS_C0014386" ON "OLYMPUS"."USERS_USERPROFILE" ("EMAIL") 
  PCTFREE 10 INITRANS 2 MAXTRANS 255 COMPUTE STATISTICS 
  STORAGE(INITIAL 65536 NEXT 1048576 MINEXTENTS 1 MAXEXTENTS 2147483645
  PCTINCREASE 0 FREELISTS 1 FREELIST GROUPS 1
  BUFFER_POOL DEFAULT FLASH_CACHE DEFAULT CELL_FLASH_CACHE DEFAULT)
  TABLESPACE "USERS" ;
--------------------------------------------------------
--  DDL for Index USERS_USE_USERPROFI_823CF2FC_U
--------------------------------------------------------

  CREATE UNIQUE INDEX "OLYMPUS"."USERS_USE_USERPROFI_823CF2FC_U" ON "OLYMPUS"."USERS_USERPROFILE_GROUPS" ("USERPROFILE_ID", "GROUP_ID") 
  PCTFREE 10 INITRANS 2 MAXTRANS 255 COMPUTE STATISTICS 
  TABLESPACE "USERS" ;
--------------------------------------------------------
--  DDL for Index SYS_C0014390
--------------------------------------------------------

  CREATE UNIQUE INDEX "OLYMPUS"."SYS_C0014390" ON "OLYMPUS"."USERS_USERPROFILE_GROUPS" ("ID") 
  PCTFREE 10 INITRANS 2 MAXTRANS 255 COMPUTE STATISTICS 
  TABLESPACE "USERS" ;
--------------------------------------------------------
--  DDL for Index USERS_USER_GROUP_ID_3DE53DBF
--------------------------------------------------------

  CREATE INDEX "OLYMPUS"."USERS_USER_GROUP_ID_3DE53DBF" ON "OLYMPUS"."USERS_USERPROFILE_GROUPS" ("GROUP_ID") 
  PCTFREE 10 INITRANS 2 MAXTRANS 255 COMPUTE STATISTICS 
  TABLESPACE "USERS" ;
--------------------------------------------------------
--  DDL for Index USERS_USER_USERPROFIL_A4496A80
--------------------------------------------------------

  CREATE INDEX "OLYMPUS"."USERS_USER_USERPROFIL_A4496A80" ON "OLYMPUS"."USERS_USERPROFILE_GROUPS" ("USERPROFILE_ID") 
  PCTFREE 10 INITRANS 2 MAXTRANS 255 COMPUTE STATISTICS 
  TABLESPACE "USERS" ;
--------------------------------------------------------
--  DDL for Index USERS_USE_USERPROFI_664E7703_U
--------------------------------------------------------

  CREATE UNIQUE INDEX "OLYMPUS"."USERS_USE_USERPROFI_664E7703_U" ON "OLYMPUS"."USERS_USERPROFILE_USER_PER709B" ("USERPROFILE_ID", "PERMISSION_ID") 
  PCTFREE 10 INITRANS 2 MAXTRANS 255 COMPUTE STATISTICS 
  TABLESPACE "USERS" ;
--------------------------------------------------------
--  DDL for Index SYS_C0014394
--------------------------------------------------------

  CREATE UNIQUE INDEX "OLYMPUS"."SYS_C0014394" ON "OLYMPUS"."USERS_USERPROFILE_USER_PER709B" ("ID") 
  PCTFREE 10 INITRANS 2 MAXTRANS 255 COMPUTE STATISTICS 
  TABLESPACE "USERS" ;
--------------------------------------------------------
--  DDL for Index USERS_USER_PERMISSION_23477A33
--------------------------------------------------------

  CREATE INDEX "OLYMPUS"."USERS_USER_PERMISSION_23477A33" ON "OLYMPUS"."USERS_USERPROFILE_USER_PER709B" ("PERMISSION_ID") 
  PCTFREE 10 INITRANS 2 MAXTRANS 255 COMPUTE STATISTICS 
  TABLESPACE "USERS" ;
--------------------------------------------------------
--  DDL for Index USERS_USER_USERPROFIL_ED781DFD
--------------------------------------------------------

  CREATE INDEX "OLYMPUS"."USERS_USER_USERPROFIL_ED781DFD" ON "OLYMPUS"."USERS_USERPROFILE_USER_PER709B" ("USERPROFILE_ID") 
  PCTFREE 10 INITRANS 2 MAXTRANS 255 COMPUTE STATISTICS 
  TABLESPACE "USERS" ;
--------------------------------------------------------
--  Constraints for Table AUTH_GROUP
--------------------------------------------------------

  ALTER TABLE "OLYMPUS"."AUTH_GROUP" MODIFY ("ID" NOT NULL ENABLE);
  ALTER TABLE "OLYMPUS"."AUTH_GROUP" ADD PRIMARY KEY ("ID")
  USING INDEX PCTFREE 10 INITRANS 2 MAXTRANS 255 COMPUTE STATISTICS 
  TABLESPACE "USERS"  ENABLE;
  ALTER TABLE "OLYMPUS"."AUTH_GROUP" ADD UNIQUE ("NAME")
  USING INDEX PCTFREE 10 INITRANS 2 MAXTRANS 255 COMPUTE STATISTICS 
  TABLESPACE "USERS"  ENABLE;
--------------------------------------------------------
--  Constraints for Table AUTH_GROUP_PERMISSIONS
--------------------------------------------------------

  ALTER TABLE "OLYMPUS"."AUTH_GROUP_PERMISSIONS" MODIFY ("ID" NOT NULL ENABLE);
  ALTER TABLE "OLYMPUS"."AUTH_GROUP_PERMISSIONS" MODIFY ("GROUP_ID" NOT NULL ENABLE);
  ALTER TABLE "OLYMPUS"."AUTH_GROUP_PERMISSIONS" MODIFY ("PERMISSION_ID" NOT NULL ENABLE);
  ALTER TABLE "OLYMPUS"."AUTH_GROUP_PERMISSIONS" ADD PRIMARY KEY ("ID")
  USING INDEX PCTFREE 10 INITRANS 2 MAXTRANS 255 COMPUTE STATISTICS 
  TABLESPACE "USERS"  ENABLE;
  ALTER TABLE "OLYMPUS"."AUTH_GROUP_PERMISSIONS" ADD CONSTRAINT "AUTH_GROU_GROUP_ID__0CD325B0_U" UNIQUE ("GROUP_ID", "PERMISSION_ID")
  USING INDEX "OLYMPUS"."AUTH_GROU_GROUP_ID__0CD325B0_U"  ENABLE;
--------------------------------------------------------
--  Constraints for Table AUTH_PERMISSION
--------------------------------------------------------

  ALTER TABLE "OLYMPUS"."AUTH_PERMISSION" MODIFY ("ID" NOT NULL ENABLE);
  ALTER TABLE "OLYMPUS"."AUTH_PERMISSION" MODIFY ("CONTENT_TYPE_ID" NOT NULL ENABLE);
  ALTER TABLE "OLYMPUS"."AUTH_PERMISSION" ADD PRIMARY KEY ("ID")
  USING INDEX PCTFREE 10 INITRANS 2 MAXTRANS 255 COMPUTE STATISTICS 
  STORAGE(INITIAL 65536 NEXT 1048576 MINEXTENTS 1 MAXEXTENTS 2147483645
  PCTINCREASE 0 FREELISTS 1 FREELIST GROUPS 1
  BUFFER_POOL DEFAULT FLASH_CACHE DEFAULT CELL_FLASH_CACHE DEFAULT)
  TABLESPACE "USERS"  ENABLE;
  ALTER TABLE "OLYMPUS"."AUTH_PERMISSION" ADD CONSTRAINT "AUTH_PERM_CONTENT_T_01AB375A_U" UNIQUE ("CONTENT_TYPE_ID", "CODENAME")
  USING INDEX "OLYMPUS"."AUTH_PERM_CONTENT_T_01AB375A_U"  ENABLE;
--------------------------------------------------------
--  Constraints for Table AUTHTOKEN_TOKEN
--------------------------------------------------------

  ALTER TABLE "OLYMPUS"."AUTHTOKEN_TOKEN" MODIFY ("KEY" NOT NULL ENABLE);
  ALTER TABLE "OLYMPUS"."AUTHTOKEN_TOKEN" MODIFY ("CREATED" NOT NULL ENABLE);
  ALTER TABLE "OLYMPUS"."AUTHTOKEN_TOKEN" MODIFY ("USER_ID" NOT NULL ENABLE);
  ALTER TABLE "OLYMPUS"."AUTHTOKEN_TOKEN" ADD PRIMARY KEY ("KEY")
  USING INDEX PCTFREE 10 INITRANS 2 MAXTRANS 255 COMPUTE STATISTICS 
  STORAGE(INITIAL 65536 NEXT 1048576 MINEXTENTS 1 MAXEXTENTS 2147483645
  PCTINCREASE 0 FREELISTS 1 FREELIST GROUPS 1
  BUFFER_POOL DEFAULT FLASH_CACHE DEFAULT CELL_FLASH_CACHE DEFAULT)
  TABLESPACE "USERS"  ENABLE;
  ALTER TABLE "OLYMPUS"."AUTHTOKEN_TOKEN" ADD UNIQUE ("USER_ID")
  USING INDEX PCTFREE 10 INITRANS 2 MAXTRANS 255 COMPUTE STATISTICS 
  STORAGE(INITIAL 65536 NEXT 1048576 MINEXTENTS 1 MAXEXTENTS 2147483645
  PCTINCREASE 0 FREELISTS 1 FREELIST GROUPS 1
  BUFFER_POOL DEFAULT FLASH_CACHE DEFAULT CELL_FLASH_CACHE DEFAULT)
  TABLESPACE "USERS"  ENABLE;
--------------------------------------------------------
--  Constraints for Table CORE_CATEGORIA
--------------------------------------------------------

  ALTER TABLE "OLYMPUS"."CORE_CATEGORIA" MODIFY ("IDCATEGORIA" NOT NULL ENABLE);
  ALTER TABLE "OLYMPUS"."CORE_CATEGORIA" ADD PRIMARY KEY ("IDCATEGORIA")
  USING INDEX PCTFREE 10 INITRANS 2 MAXTRANS 255 COMPUTE STATISTICS 
  STORAGE(INITIAL 65536 NEXT 1048576 MINEXTENTS 1 MAXEXTENTS 2147483645
  PCTINCREASE 0 FREELISTS 1 FREELIST GROUPS 1
  BUFFER_POOL DEFAULT FLASH_CACHE DEFAULT CELL_FLASH_CACHE DEFAULT)
  TABLESPACE "USERS"  ENABLE;
--------------------------------------------------------
--  Constraints for Table CORE_ESTATUS
--------------------------------------------------------

  ALTER TABLE "OLYMPUS"."CORE_ESTATUS" MODIFY ("IDESTATUS" NOT NULL ENABLE);
  ALTER TABLE "OLYMPUS"."CORE_ESTATUS" ADD PRIMARY KEY ("IDESTATUS")
  USING INDEX PCTFREE 10 INITRANS 2 MAXTRANS 255 COMPUTE STATISTICS 
  STORAGE(INITIAL 65536 NEXT 1048576 MINEXTENTS 1 MAXEXTENTS 2147483645
  PCTINCREASE 0 FREELISTS 1 FREELIST GROUPS 1
  BUFFER_POOL DEFAULT FLASH_CACHE DEFAULT CELL_FLASH_CACHE DEFAULT)
  TABLESPACE "USERS"  ENABLE;
--------------------------------------------------------
--  Constraints for Table CORE_PRODUCTO
--------------------------------------------------------

  ALTER TABLE "OLYMPUS"."CORE_PRODUCTO" MODIFY ("IDPRODUCTO" NOT NULL ENABLE);
  ALTER TABLE "OLYMPUS"."CORE_PRODUCTO" MODIFY ("PRECIO" NOT NULL ENABLE);
  ALTER TABLE "OLYMPUS"."CORE_PRODUCTO" MODIFY ("STOCK" NOT NULL ENABLE);
  ALTER TABLE "OLYMPUS"."CORE_PRODUCTO" MODIFY ("CATEGORIA_ID" NOT NULL ENABLE);
  ALTER TABLE "OLYMPUS"."CORE_PRODUCTO" MODIFY ("ESTATUS_ID" NOT NULL ENABLE);
  ALTER TABLE "OLYMPUS"."CORE_PRODUCTO" ADD PRIMARY KEY ("IDPRODUCTO")
  USING INDEX PCTFREE 10 INITRANS 2 MAXTRANS 255 COMPUTE STATISTICS 
  STORAGE(INITIAL 65536 NEXT 1048576 MINEXTENTS 1 MAXEXTENTS 2147483645
  PCTINCREASE 0 FREELISTS 1 FREELIST GROUPS 1
  BUFFER_POOL DEFAULT FLASH_CACHE DEFAULT CELL_FLASH_CACHE DEFAULT)
  TABLESPACE "USERS"  ENABLE;
--------------------------------------------------------
--  Constraints for Table DJANGO_ADMIN_LOG
--------------------------------------------------------

  ALTER TABLE "OLYMPUS"."DJANGO_ADMIN_LOG" MODIFY ("ID" NOT NULL ENABLE);
  ALTER TABLE "OLYMPUS"."DJANGO_ADMIN_LOG" MODIFY ("ACTION_TIME" NOT NULL ENABLE);
  ALTER TABLE "OLYMPUS"."DJANGO_ADMIN_LOG" MODIFY ("ACTION_FLAG" NOT NULL ENABLE);
  ALTER TABLE "OLYMPUS"."DJANGO_ADMIN_LOG" MODIFY ("USER_ID" NOT NULL ENABLE);
  ALTER TABLE "OLYMPUS"."DJANGO_ADMIN_LOG" ADD CHECK ("ACTION_FLAG" >= 0) ENABLE;
  ALTER TABLE "OLYMPUS"."DJANGO_ADMIN_LOG" ADD PRIMARY KEY ("ID")
  USING INDEX PCTFREE 10 INITRANS 2 MAXTRANS 255 COMPUTE STATISTICS 
  STORAGE(INITIAL 65536 NEXT 1048576 MINEXTENTS 1 MAXEXTENTS 2147483645
  PCTINCREASE 0 FREELISTS 1 FREELIST GROUPS 1
  BUFFER_POOL DEFAULT FLASH_CACHE DEFAULT CELL_FLASH_CACHE DEFAULT)
  TABLESPACE "USERS"  ENABLE;
  ALTER TABLE "OLYMPUS"."DJANGO_ADMIN_LOG" ADD CHECK ("ACTION_FLAG" >= 0) ENABLE;
  ALTER TABLE "OLYMPUS"."DJANGO_ADMIN_LOG" ADD CHECK ("ACTION_FLAG" >= 0) ENABLE;
  ALTER TABLE "OLYMPUS"."DJANGO_ADMIN_LOG" ADD CHECK ("ACTION_FLAG" >= 0) ENABLE;
--------------------------------------------------------
--  Constraints for Table DJANGO_CONTENT_TYPE
--------------------------------------------------------

  ALTER TABLE "OLYMPUS"."DJANGO_CONTENT_TYPE" MODIFY ("ID" NOT NULL ENABLE);
  ALTER TABLE "OLYMPUS"."DJANGO_CONTENT_TYPE" ADD PRIMARY KEY ("ID")
  USING INDEX PCTFREE 10 INITRANS 2 MAXTRANS 255 COMPUTE STATISTICS 
  STORAGE(INITIAL 65536 NEXT 1048576 MINEXTENTS 1 MAXEXTENTS 2147483645
  PCTINCREASE 0 FREELISTS 1 FREELIST GROUPS 1
  BUFFER_POOL DEFAULT FLASH_CACHE DEFAULT CELL_FLASH_CACHE DEFAULT)
  TABLESPACE "USERS"  ENABLE;
  ALTER TABLE "OLYMPUS"."DJANGO_CONTENT_TYPE" ADD CONSTRAINT "DJANGO_CO_APP_LABEL_76BD3D3B_U" UNIQUE ("APP_LABEL", "MODEL")
  USING INDEX "OLYMPUS"."DJANGO_CO_APP_LABEL_76BD3D3B_U"  ENABLE;
--------------------------------------------------------
--  Constraints for Table DJANGO_MIGRATIONS
--------------------------------------------------------

  ALTER TABLE "OLYMPUS"."DJANGO_MIGRATIONS" MODIFY ("ID" NOT NULL ENABLE);
  ALTER TABLE "OLYMPUS"."DJANGO_MIGRATIONS" MODIFY ("APPLIED" NOT NULL ENABLE);
  ALTER TABLE "OLYMPUS"."DJANGO_MIGRATIONS" ADD PRIMARY KEY ("ID")
  USING INDEX PCTFREE 10 INITRANS 2 MAXTRANS 255 COMPUTE STATISTICS 
  STORAGE(INITIAL 65536 NEXT 1048576 MINEXTENTS 1 MAXEXTENTS 2147483645
  PCTINCREASE 0 FREELISTS 1 FREELIST GROUPS 1
  BUFFER_POOL DEFAULT FLASH_CACHE DEFAULT CELL_FLASH_CACHE DEFAULT)
  TABLESPACE "USERS"  ENABLE;
--------------------------------------------------------
--  Constraints for Table DJANGO_SESSION
--------------------------------------------------------

  ALTER TABLE "OLYMPUS"."DJANGO_SESSION" MODIFY ("SESSION_KEY" NOT NULL ENABLE);
  ALTER TABLE "OLYMPUS"."DJANGO_SESSION" MODIFY ("EXPIRE_DATE" NOT NULL ENABLE);
  ALTER TABLE "OLYMPUS"."DJANGO_SESSION" ADD PRIMARY KEY ("SESSION_KEY")
  USING INDEX PCTFREE 10 INITRANS 2 MAXTRANS 255 COMPUTE STATISTICS 
  STORAGE(INITIAL 65536 NEXT 1048576 MINEXTENTS 1 MAXEXTENTS 2147483645
  PCTINCREASE 0 FREELISTS 1 FREELIST GROUPS 1
  BUFFER_POOL DEFAULT FLASH_CACHE DEFAULT CELL_FLASH_CACHE DEFAULT)
  TABLESPACE "USERS"  ENABLE;
--------------------------------------------------------
--  Constraints for Table USERS_COMUNA
--------------------------------------------------------

  ALTER TABLE "OLYMPUS"."USERS_COMUNA" MODIFY ("IDCOMUNA" NOT NULL ENABLE);
  ALTER TABLE "OLYMPUS"."USERS_COMUNA" ADD PRIMARY KEY ("IDCOMUNA")
  USING INDEX PCTFREE 10 INITRANS 2 MAXTRANS 255 COMPUTE STATISTICS 
  STORAGE(INITIAL 65536 NEXT 1048576 MINEXTENTS 1 MAXEXTENTS 2147483645
  PCTINCREASE 0 FREELISTS 1 FREELIST GROUPS 1
  BUFFER_POOL DEFAULT FLASH_CACHE DEFAULT CELL_FLASH_CACHE DEFAULT)
  TABLESPACE "USERS"  ENABLE;
  ALTER TABLE "OLYMPUS"."USERS_COMUNA" MODIFY ("REGION_ID" NOT NULL ENABLE);
--------------------------------------------------------
--  Constraints for Table USERS_DIRECCION
--------------------------------------------------------

  ALTER TABLE "OLYMPUS"."USERS_DIRECCION" MODIFY ("IDDIRECCION" NOT NULL ENABLE);
  ALTER TABLE "OLYMPUS"."USERS_DIRECCION" MODIFY ("IDUSUARIO" NOT NULL ENABLE);
  ALTER TABLE "OLYMPUS"."USERS_DIRECCION" MODIFY ("COMUNA_ID" NOT NULL ENABLE);
  ALTER TABLE "OLYMPUS"."USERS_DIRECCION" ADD PRIMARY KEY ("IDDIRECCION")
  USING INDEX PCTFREE 10 INITRANS 2 MAXTRANS 255 COMPUTE STATISTICS 
  STORAGE(INITIAL 65536 NEXT 1048576 MINEXTENTS 1 MAXEXTENTS 2147483645
  PCTINCREASE 0 FREELISTS 1 FREELIST GROUPS 1
  BUFFER_POOL DEFAULT FLASH_CACHE DEFAULT CELL_FLASH_CACHE DEFAULT)
  TABLESPACE "USERS"  ENABLE;
  ALTER TABLE "OLYMPUS"."USERS_DIRECCION" ADD UNIQUE ("IDUSUARIO")
  USING INDEX PCTFREE 10 INITRANS 2 MAXTRANS 255 COMPUTE STATISTICS 
  STORAGE(INITIAL 65536 NEXT 1048576 MINEXTENTS 1 MAXEXTENTS 2147483645
  PCTINCREASE 0 FREELISTS 1 FREELIST GROUPS 1
  BUFFER_POOL DEFAULT FLASH_CACHE DEFAULT CELL_FLASH_CACHE DEFAULT)
  TABLESPACE "USERS"  ENABLE;
  ALTER TABLE "OLYMPUS"."USERS_DIRECCION" ADD UNIQUE ("EMAIL")
  USING INDEX PCTFREE 10 INITRANS 2 MAXTRANS 255 COMPUTE STATISTICS 
  STORAGE(INITIAL 65536 NEXT 1048576 MINEXTENTS 1 MAXEXTENTS 2147483645
  PCTINCREASE 0 FREELISTS 1 FREELIST GROUPS 1
  BUFFER_POOL DEFAULT FLASH_CACHE DEFAULT CELL_FLASH_CACHE DEFAULT)
  TABLESPACE "USERS"  ENABLE;
--------------------------------------------------------
--  Constraints for Table USERS_REGION
--------------------------------------------------------

  ALTER TABLE "OLYMPUS"."USERS_REGION" MODIFY ("IDREGION" NOT NULL ENABLE);
  ALTER TABLE "OLYMPUS"."USERS_REGION" ADD PRIMARY KEY ("IDREGION")
  USING INDEX PCTFREE 10 INITRANS 2 MAXTRANS 255 COMPUTE STATISTICS 
  STORAGE(INITIAL 65536 NEXT 1048576 MINEXTENTS 1 MAXEXTENTS 2147483645
  PCTINCREASE 0 FREELISTS 1 FREELIST GROUPS 1
  BUFFER_POOL DEFAULT FLASH_CACHE DEFAULT CELL_FLASH_CACHE DEFAULT)
  TABLESPACE "USERS"  ENABLE;
--------------------------------------------------------
--  Constraints for Table USERS_USERPROFILE
--------------------------------------------------------

  ALTER TABLE "OLYMPUS"."USERS_USERPROFILE" MODIFY ("ID" NOT NULL ENABLE);
  ALTER TABLE "OLYMPUS"."USERS_USERPROFILE" MODIFY ("IS_SUPERUSER" NOT NULL ENABLE);
  ALTER TABLE "OLYMPUS"."USERS_USERPROFILE" MODIFY ("TELEFONO" NOT NULL ENABLE);
  ALTER TABLE "OLYMPUS"."USERS_USERPROFILE" MODIFY ("IS_STAFF" NOT NULL ENABLE);
  ALTER TABLE "OLYMPUS"."USERS_USERPROFILE" MODIFY ("IS_ACTIVE" NOT NULL ENABLE);
  ALTER TABLE "OLYMPUS"."USERS_USERPROFILE" ADD CHECK ("IS_SUPERUSER" IN (0,1)) ENABLE;
  ALTER TABLE "OLYMPUS"."USERS_USERPROFILE" ADD CHECK ("IS_STAFF" IN (0,1)) ENABLE;
  ALTER TABLE "OLYMPUS"."USERS_USERPROFILE" ADD CHECK ("IS_ACTIVE" IN (0,1)) ENABLE;
  ALTER TABLE "OLYMPUS"."USERS_USERPROFILE" ADD PRIMARY KEY ("ID")
  USING INDEX PCTFREE 10 INITRANS 2 MAXTRANS 255 COMPUTE STATISTICS 
  STORAGE(INITIAL 65536 NEXT 1048576 MINEXTENTS 1 MAXEXTENTS 2147483645
  PCTINCREASE 0 FREELISTS 1 FREELIST GROUPS 1
  BUFFER_POOL DEFAULT FLASH_CACHE DEFAULT CELL_FLASH_CACHE DEFAULT)
  TABLESPACE "USERS"  ENABLE;
  ALTER TABLE "OLYMPUS"."USERS_USERPROFILE" ADD UNIQUE ("EMAIL")
  USING INDEX PCTFREE 10 INITRANS 2 MAXTRANS 255 COMPUTE STATISTICS 
  STORAGE(INITIAL 65536 NEXT 1048576 MINEXTENTS 1 MAXEXTENTS 2147483645
  PCTINCREASE 0 FREELISTS 1 FREELIST GROUPS 1
  BUFFER_POOL DEFAULT FLASH_CACHE DEFAULT CELL_FLASH_CACHE DEFAULT)
  TABLESPACE "USERS"  ENABLE;
  ALTER TABLE "OLYMPUS"."USERS_USERPROFILE" ADD CHECK ("IS_SUPERUSER" IN (0,1)) ENABLE;
  ALTER TABLE "OLYMPUS"."USERS_USERPROFILE" ADD CHECK ("IS_STAFF" IN (0,1)) ENABLE;
  ALTER TABLE "OLYMPUS"."USERS_USERPROFILE" ADD CHECK ("IS_ACTIVE" IN (0,1)) ENABLE;
  ALTER TABLE "OLYMPUS"."USERS_USERPROFILE" ADD CHECK ("IS_SUPERUSER" IN (0,1)) ENABLE;
  ALTER TABLE "OLYMPUS"."USERS_USERPROFILE" ADD CHECK ("IS_STAFF" IN (0,1)) ENABLE;
  ALTER TABLE "OLYMPUS"."USERS_USERPROFILE" ADD CHECK ("IS_ACTIVE" IN (0,1)) ENABLE;
  ALTER TABLE "OLYMPUS"."USERS_USERPROFILE" ADD CHECK ("IS_SUPERUSER" IN (0,1)) ENABLE;
  ALTER TABLE "OLYMPUS"."USERS_USERPROFILE" ADD CHECK ("IS_STAFF" IN (0,1)) ENABLE;
  ALTER TABLE "OLYMPUS"."USERS_USERPROFILE" ADD CHECK ("IS_ACTIVE" IN (0,1)) ENABLE;
--------------------------------------------------------
--  Constraints for Table USERS_USERPROFILE_GROUPS
--------------------------------------------------------

  ALTER TABLE "OLYMPUS"."USERS_USERPROFILE_GROUPS" ADD PRIMARY KEY ("ID")
  USING INDEX PCTFREE 10 INITRANS 2 MAXTRANS 255 COMPUTE STATISTICS 
  TABLESPACE "USERS"  ENABLE;
  ALTER TABLE "OLYMPUS"."USERS_USERPROFILE_GROUPS" ADD CONSTRAINT "USERS_USE_USERPROFI_823CF2FC_U" UNIQUE ("USERPROFILE_ID", "GROUP_ID")
  USING INDEX "OLYMPUS"."USERS_USE_USERPROFI_823CF2FC_U"  ENABLE;
  ALTER TABLE "OLYMPUS"."USERS_USERPROFILE_GROUPS" MODIFY ("ID" NOT NULL ENABLE);
  ALTER TABLE "OLYMPUS"."USERS_USERPROFILE_GROUPS" MODIFY ("USERPROFILE_ID" NOT NULL ENABLE);
  ALTER TABLE "OLYMPUS"."USERS_USERPROFILE_GROUPS" MODIFY ("GROUP_ID" NOT NULL ENABLE);
--------------------------------------------------------
--  Constraints for Table USERS_USERPROFILE_USER_PER709B
--------------------------------------------------------

  ALTER TABLE "OLYMPUS"."USERS_USERPROFILE_USER_PER709B" MODIFY ("USERPROFILE_ID" NOT NULL ENABLE);
  ALTER TABLE "OLYMPUS"."USERS_USERPROFILE_USER_PER709B" MODIFY ("PERMISSION_ID" NOT NULL ENABLE);
  ALTER TABLE "OLYMPUS"."USERS_USERPROFILE_USER_PER709B" ADD PRIMARY KEY ("ID")
  USING INDEX PCTFREE 10 INITRANS 2 MAXTRANS 255 COMPUTE STATISTICS 
  TABLESPACE "USERS"  ENABLE;
  ALTER TABLE "OLYMPUS"."USERS_USERPROFILE_USER_PER709B" ADD CONSTRAINT "USERS_USE_USERPROFI_664E7703_U" UNIQUE ("USERPROFILE_ID", "PERMISSION_ID")
  USING INDEX "OLYMPUS"."USERS_USE_USERPROFI_664E7703_U"  ENABLE;
  ALTER TABLE "OLYMPUS"."USERS_USERPROFILE_USER_PER709B" MODIFY ("ID" NOT NULL ENABLE);
--------------------------------------------------------
--  Ref Constraints for Table AUTH_GROUP_PERMISSIONS
--------------------------------------------------------

  ALTER TABLE "OLYMPUS"."AUTH_GROUP_PERMISSIONS" ADD CONSTRAINT "AUTH_GROU_GROUP_ID_B120CBF9_F" FOREIGN KEY ("GROUP_ID")
	  REFERENCES "OLYMPUS"."AUTH_GROUP" ("ID") DEFERRABLE INITIALLY DEFERRED ENABLE;
  ALTER TABLE "OLYMPUS"."AUTH_GROUP_PERMISSIONS" ADD CONSTRAINT "AUTH_GROU_PERMISSIO_84C5C92E_F" FOREIGN KEY ("PERMISSION_ID")
	  REFERENCES "OLYMPUS"."AUTH_PERMISSION" ("ID") DEFERRABLE INITIALLY DEFERRED ENABLE;
--------------------------------------------------------
--  Ref Constraints for Table AUTH_PERMISSION
--------------------------------------------------------

  ALTER TABLE "OLYMPUS"."AUTH_PERMISSION" ADD CONSTRAINT "AUTH_PERM_CONTENT_T_2F476E4B_F" FOREIGN KEY ("CONTENT_TYPE_ID")
	  REFERENCES "OLYMPUS"."DJANGO_CONTENT_TYPE" ("ID") DEFERRABLE INITIALLY DEFERRED ENABLE;
--------------------------------------------------------
--  Ref Constraints for Table AUTHTOKEN_TOKEN
--------------------------------------------------------

  ALTER TABLE "OLYMPUS"."AUTHTOKEN_TOKEN" ADD CONSTRAINT "AUTHTOKEN_USER_ID_35299EFF_F" FOREIGN KEY ("USER_ID")
	  REFERENCES "OLYMPUS"."USERS_USERPROFILE" ("ID") DEFERRABLE INITIALLY DEFERRED ENABLE;
--------------------------------------------------------
--  Ref Constraints for Table CORE_PRODUCTO
--------------------------------------------------------

  ALTER TABLE "OLYMPUS"."CORE_PRODUCTO" ADD CONSTRAINT "CORE_PROD_CATEGORIA_65B2D0AF_F" FOREIGN KEY ("CATEGORIA_ID")
	  REFERENCES "OLYMPUS"."CORE_CATEGORIA" ("IDCATEGORIA") DEFERRABLE INITIALLY DEFERRED ENABLE;
  ALTER TABLE "OLYMPUS"."CORE_PRODUCTO" ADD CONSTRAINT "CORE_PROD_ESTATUS_I_65795E75_F" FOREIGN KEY ("ESTATUS_ID")
	  REFERENCES "OLYMPUS"."CORE_ESTATUS" ("IDESTATUS") DEFERRABLE INITIALLY DEFERRED ENABLE;
--------------------------------------------------------
--  Ref Constraints for Table DJANGO_ADMIN_LOG
--------------------------------------------------------

  ALTER TABLE "OLYMPUS"."DJANGO_ADMIN_LOG" ADD CONSTRAINT "DJANGO_AD_CONTENT_T_C4BCE8EB_F" FOREIGN KEY ("CONTENT_TYPE_ID")
	  REFERENCES "OLYMPUS"."DJANGO_CONTENT_TYPE" ("ID") DEFERRABLE INITIALLY DEFERRED ENABLE;
  ALTER TABLE "OLYMPUS"."DJANGO_ADMIN_LOG" ADD CONSTRAINT "DJANGO_AD_USER_ID_C564EBA6_F" FOREIGN KEY ("USER_ID")
	  REFERENCES "OLYMPUS"."USERS_USERPROFILE" ("ID") DEFERRABLE INITIALLY DEFERRED ENABLE;
--------------------------------------------------------
--  Ref Constraints for Table USERS_COMUNA
--------------------------------------------------------

  ALTER TABLE "OLYMPUS"."USERS_COMUNA" ADD CONSTRAINT "USERS_COM_REGION_ID_2F26D719_F" FOREIGN KEY ("REGION_ID")
	  REFERENCES "OLYMPUS"."USERS_REGION" ("IDREGION") DEFERRABLE INITIALLY DEFERRED ENABLE;
--------------------------------------------------------
--  Ref Constraints for Table USERS_DIRECCION
--------------------------------------------------------

  ALTER TABLE "OLYMPUS"."USERS_DIRECCION" ADD CONSTRAINT "USERS_DIR_COMUNA_ID_6FC1775E_F" FOREIGN KEY ("COMUNA_ID")
	  REFERENCES "OLYMPUS"."USERS_COMUNA" ("IDCOMUNA") DEFERRABLE INITIALLY DEFERRED ENABLE;
--------------------------------------------------------
--  Ref Constraints for Table USERS_USERPROFILE_GROUPS
--------------------------------------------------------

  ALTER TABLE "OLYMPUS"."USERS_USERPROFILE_GROUPS" ADD CONSTRAINT "USERS_USE_USERPROFI_A4496A80_F" FOREIGN KEY ("USERPROFILE_ID")
	  REFERENCES "OLYMPUS"."USERS_USERPROFILE" ("ID") DEFERRABLE INITIALLY DEFERRED ENABLE;
  ALTER TABLE "OLYMPUS"."USERS_USERPROFILE_GROUPS" ADD CONSTRAINT "USERS_USE_GROUP_ID_3DE53DBF_F" FOREIGN KEY ("GROUP_ID")
	  REFERENCES "OLYMPUS"."AUTH_GROUP" ("ID") DEFERRABLE INITIALLY DEFERRED ENABLE;
--------------------------------------------------------
--  Ref Constraints for Table USERS_USERPROFILE_USER_PER709B
--------------------------------------------------------

  ALTER TABLE "OLYMPUS"."USERS_USERPROFILE_USER_PER709B" ADD CONSTRAINT "USERS_USE_USERPROFI_ED781DFD_F" FOREIGN KEY ("USERPROFILE_ID")
	  REFERENCES "OLYMPUS"."USERS_USERPROFILE" ("ID") DEFERRABLE INITIALLY DEFERRED ENABLE;
  ALTER TABLE "OLYMPUS"."USERS_USERPROFILE_USER_PER709B" ADD CONSTRAINT "USERS_USE_PERMISSIO_23477A33_F" FOREIGN KEY ("PERMISSION_ID")
	  REFERENCES "OLYMPUS"."AUTH_PERMISSION" ("ID") DEFERRABLE INITIALLY DEFERRED ENABLE;
